A Century of Innovation-The 3M Story.txt,5.4621814930710775,5.461954189944135,5.464685127288968,5.476689755334599,5.4923106817677105,5.489689862160961,5.495481366459628,5.492294774058116,5.496390427653445,5.506334401591335,5.511383884160495,5.5167754424778765,5.520326195495395,5.512123409953134,5.504982652490207,5.497735531628534,5.486758946657664,5.489751861042183,5.4873624759968385,5.489832446507415,5.486792772444947,5.487400225479144,5.48673785971223,5.478062668463612,5.484591152815013,5.492096881959911,5.488567766384308,5.48279259176615,5.477585591613695,5.474439875527895,5.47151545474761,5.463039955604883,5.449679031541537,5.444886832422789,5.44116398570152,5.440173494515335,5.426242729306487,5.426801786711335,5.43469508123748,5.442322301199467,5.451289535012762,5.450440405842346,5.454024091010484,5.461529069116165,5.465910157559503,5.477994435169728,5.473730079126268,5.488362396601834,5.5025663816381645,5.509724801812005,5.511336442220199,5.509484407011154,5.506738538356786,5.512132002721706,5.512484422793702,5.5128458587226365,5.511828358208955,5.515341192473363,5.514044765995931,5.506535274356103,5.500924294793178,5.505717618307043,5.506436807095343,5.506933466179564,5.514577914921754,5.518347434347874,5.518211935059237,5.513544915440369,5.516845622877177,5.514567223198595,5.519198767334361,5.518115015974441,5.51554503413345,5.5117962614755,5.505602036299248,5.498922327948661,5.487974080638015,5.4853262434917465,5.482875332152347,5.4860931106933535,5.494830592649818,5.498202308960968,5.491530701754386,5.486531753866403,5.485377554365644,5.481651946352634,5.490324953342848,5.503583497915295,5.498986159929702,5.4969694639718805,5.500848538140251,5.491803964757709,5.483423433362753,5.483538749862198,5.484460447595834,5.4809110005527915,5.483879690949227,5.4923876497088235,5.482797494780794,5.492231858601384
Abbott-A Promise For Life.txt,5.424842617888111,5.4084193701160315,5.410083079803417,5.413715145204211,5.404753774680604,5.398163431361154,5.3953354188390685,5.394331941544885,5.3892259341171,5.386431718061674,5.390409607797634,5.400301589142791,5.399839777081156,5.401253925788065,5.4027823949432285,5.409823886167484,5.413587616822429,5.419816223808966,5.424531359291211,5.418864243409593,5.430140779522978,5.440912260313771,5.4453632130384175,5.445737876497267,5.439401392111368,5.420339867764761,5.410014007237072,5.405283172461913,5.3953445671121445,5.393164704511015,5.396113826815643,5.38841749271137,5.38038785046729,5.362514914025032,5.362224827101161,5.365946359251852,5.37722582165155,5.395759174580841,5.39957584302667,5.415696558183096,5.428663707510805,5.428373177842566,5.433363380941231,5.439884682585905,5.4505279069767445,5.443205619412516,5.431233607984217,5.42003923831506,5.420809188502829,5.427185057471265,5.426364578535238,5.416455331412105,5.409702250432775,5.409462994836489,5.394986792236132,5.389890034364262,5.3898682250487,5.391543393634073,5.3963005846612395,5.400524747937672,5.400138618398442,5.394701518091542,5.3873258068194785,5.387834148561029,5.374571656413762,5.371232595297878,5.388261416962344,5.396430617623467,5.394590427979751,5.399237132352942,5.404754777803363,5.392277809798271,5.3945763688760815,5.396897873823632,5.393441200609685,5.400534377923292,5.409624517487425,5.409222313179745,5.401895945629248,5.406430406352173,5.4198280868858175,5.416529309344167,5.4168009286128855,5.4181007480130905,5.424738558285781,5.424942917054985,5.43292528937215,5.447529370300751,5.447798273619488,5.444574028122416,5.448466337099812,5.455762213066509,5.468501881467545,5.483980093676815,5.491163928696261,5.492430836902419,5.50591321317874,5.509741920749114,5.509642938109273,5.505943012211668
Ashlee-Vance-Elon-Musk_-Tesla_-SpaceX_-and-the-Quest-for-a-Fantastic-Future-_2015_-Ecco.txt,5.47325167785235,5.479503808243727,5.488576214405359,5.490101949361416,5.490930883835556,5.49880465168288,5.496240232194686,5.503637582393029,5.5097060133630285,5.508484578554727,5.5038004671338,5.4939868772241995,5.490136697043789,5.48835963547455,5.487257187257188,5.4845048954161095,5.47805598755832,5.459010022271715,5.448840822714063,5.445753470667264,5.451822550005588,5.44903833296189,5.449444135011697,5.454548091943762,5.448336875069903,5.442716517857144,5.444555406613048,5.444545555803074,5.435668633782429,5.4244383836134915,5.421198305651544,5.413983703538342,5.412845982142857,5.405340921772124,5.406068672408008,5.417387681567391,5.424030789976402,5.439404174147217,5.452267670524779,5.455948430493273,5.459738672050245,5.457371902679673,5.456749748519056,5.449973217274858,5.435246155548181,5.425037618942243,5.411394885420127,5.41403532155948,5.412753897550111,5.41027536231884,5.422481962481963,5.429172130236693,5.4269591359536795,5.433836058280503,5.431547127718906,5.429268156424581,5.423157894736843,5.419629998892212,5.421057873188005,5.417045076974195,5.407835223482321,5.410835274542429,5.40925723830735,5.40793479470346,5.410186252771619,5.4158389858779055,5.419470529470529,5.422760040048949,5.423963652581112,5.421112716763007,5.431916360805251,5.433698690925228,5.434624122953558,5.44633887710682,5.446786273194723,5.439285475047448,5.440218481774607,5.435978200422643,5.436280908888395,5.435829611433677,5.4311041643407405,5.438894830659537,5.438224641706477,5.4324527882692735,5.425339622641509,5.428781838316723,5.435153999556835,5.439190591872792,5.443793370165746,5.447424911660778,5.450349658063092,5.450351532461825,5.455648168457995,5.4482576754385965,5.4524250741025355,5.453301855715384,5.455977518183822,5.462335342465753,5.460174017730109,5.462139330773451
Built from Scratch How a Couple of Regular Guys Grew The Home Depot from Nothing to 30 Billion.txt,5.502757549796529,5.492816418390312,5.475405637123566,5.468381645095732,5.472214973262032,5.468000000000001,5.456126397248496,5.4583240462923275,5.456478632478633,5.46572953356815,5.4821347955706985,5.474530169202937,5.488456718003186,5.488396930292049,5.484979795831561,5.488869786692136,5.481544732662785,5.478176526616573,5.467262345352649,5.465944262641191,5.456781463928383,5.4729590655582445,5.472005268703899,5.470380132311247,5.4662594856661055,5.465199115044248,5.474951312447079,5.475326638477801,5.480718057022176,5.48469366234314,5.483709286391905,5.474063226897864,5.460136681500319,5.464502967359051,5.460986869970351,5.460705894803683,5.460565221976167,5.462783820889218,5.4652616002536725,5.46516203948063,5.475364484000847,5.48029958567938,5.496291454081633,5.487721088435374,5.506514073287308,5.519387364390555,5.518756520813373,5.519266553119012,5.516410256410257,5.515444587628866,5.503468183281469,5.508118124532736,5.5013549557238886,5.503300887795486,5.499959323485335,5.491292393281267,5.484679007061845,5.485619985021931,5.490518289431589,5.49303740807844,5.501146964856231,5.499702286018075,5.503804981452039,5.505978651447897,5.498782572001266,5.496234163851351,5.498573685873803,5.499774094795735,5.498278334211914,5.499828149710069,5.491677944597167,5.493383538396267,5.493128645667621,5.491386559082706,5.486080664041715,5.4885816055289744,5.486328183271177,5.486491507430997,5.474984566258648,5.465981110049878,5.468899597542894,5.4609476676845325,5.458830403200337,5.458377465977423,5.4578788518362185,5.451431285623813,5.456714481594768,5.445876932853209,5.453957627118644,5.455104255319148,5.453846399319222,5.462435870029927,5.471631471754743,5.48773756139227,5.5047807532273545,5.512407447036165,5.517077219663703,5.534026946107785,5.542584569416284,5.552934817170111
Chairman- CEO- and president of Amgen- 1980-1988 oral history transcript.txt,5.432412228583775,5.433773625661519,5.43032933808444,5.427540753535571,5.431389790179537,5.433756493506494,5.434337479718766,5.430135003780105,5.429158394475615,5.4293125,5.428739495798319,5.427280456306501,5.430411106328025,5.43236633025553,5.437120008587376,5.43849743150685,5.441754517267187,5.44667557455906,5.443147811195547,5.441030542503205,5.444870864461046,5.4498462688160565,5.451687673574023,5.45410859341599,5.462038441003738,5.463799145299145,5.4662513334755705,5.471515441959531,5.471711913126796,5.468071763202725,5.464655447864523,5.461232570516232,5.463088626449622,5.462496808510639,5.462988945578232,5.459809059085606,5.4620449724225715,5.462064721485412,5.465745064742093,5.46415906680806,5.4628533615669665,5.4616726694915245,5.458654171961033,5.459491309877067,5.457396694214876,5.455058786145535,5.45584657766476,5.457262510602205,5.4568821534548535,5.4578615417286045,5.458594215227563,5.4581581187486705,5.455727524499361,5.452032633038285,5.448092695429304,5.444807692307692,5.447796918467794,5.446526901272863,5.443876416506308,5.445475427350427,5.4462144537096435,5.445765852613539,5.443625080248235,5.442040269893971,5.443284014152461,5.442938525909238,5.441356751530776,5.441991174254655,5.445129807174405,5.445310917124689,5.448367016102885,5.446696583044983,5.446628726287263,5.447376978105353,5.441069373575073,5.439637193134912,5.437344737415559,5.432919119250055,5.431477000218007,5.433135547087644,5.434264241368043,5.4317045825623165,5.4295901728448746,5.43272520078142,5.433417063663924,5.434775116505907,5.438710514928602,5.44140049670662,5.445985102018785,5.446463783783783,5.448099708643574,5.450553939002048,5.451282189419244,5.45541316978696,5.452757250268529,5.453336550836551,5.451550171526587,5.451517455557935,5.443637724550898,5.443496794871795
Damn-Right-Behind-the-Scenes-With-Berkshire-Hathaway-Billionaire.txt,5.527318360471646,5.544366498032602,5.533641534686594,5.52553362328538,5.508875153135094,5.501613190730837,5.496507459363171,5.495380019913707,5.499782034346103,5.506062836427551,5.497958269608914,5.5000076319232445,5.506351688932335,5.507601952277658,5.508290940577984,5.514154526815582,5.50538726333907,5.512433447831687,5.507966284849795,5.507729044834307,5.503201563857515,5.503165302782325,5.509787489102005,5.515211910454249,5.517641807294502,5.5110920231972855,5.515889496717723,5.501909646442601,5.501757111597374,5.48248962202316,5.476428805237315,5.460149400218103,5.453550185873606,5.451056785792589,5.448357260273973,5.447673032343526,5.438014444444444,5.428991764967728,5.421689543577725,5.434648249636505,5.4417506156257005,5.453873773416592,5.454362951473521,5.4605131608051325,5.464700618647813,5.464852325325104,5.475047765455145,5.472755113201355,5.45718954248366,5.445413830954995,5.437842899636443,5.419290215588723,5.4072229609929074,5.409985571587126,5.408246941045606,5.41503515232675,5.435760456273765,5.441310019116159,5.45222084924736,5.463055524397084,5.470313096173269,5.479824106438155,5.471189103650955,5.470803230872784,5.459218522255858,5.446170260306111,5.43269144648455,5.416335818404363,5.40641059897573,5.394647856031993,5.397210613598673,5.396869689948141,5.379237569060774,5.391538376709308,5.394083654375344,5.397465083030903,5.404313725490196,5.4150010993843445,5.421212054553453,5.428303630363036,5.445847216133275,5.449081453908474,5.4517868510591585,5.45830255057168,5.45563857801185,5.476402372062377,5.469075777485764,5.47639925577323,5.48852557006863,5.485314336400932,5.486851810708731,5.494456642271014,5.4996590657516045,5.503685552722032,5.510378745683414,5.516511731843576,5.513787214919672,5.516441023318994,5.507909267957383,5.503460871575541
Elizabeth Gibson- Andy Billings - Big Change at Best Buy - Working Through Hypergrowth to Sustained Excellence.txt,5.496331272649755,5.493114876385337,5.491310359497979,5.491359872611465,5.490081697612732,5.4973189865366265,5.502384428223844,5.501528601694915,5.503693950930627,5.507433890416754,5.503317752045044,5.485172925949502,5.480730491942324,5.4796782047210755,5.476794790343075,5.47426024198684,5.4663512940178185,5.465607139062999,5.46610444751088,5.469070285169088,5.465162144976685,5.469488076311606,5.470498991400362,5.465525784157363,5.472619047619047,5.48403401288687,5.503478444632291,5.49842718035563,5.498664336405041,5.502177274171344,5.503356999046308,5.4964570519618245,5.485786457227765,5.4732822640706456,5.470910447761194,5.469755837509329,5.47203091684435,5.476865687526607,5.471251066552901,5.467683096332728,5.459960410870961,5.461555912252542,5.471014353041988,5.4709930518439345,5.473372515494765,5.4798464,5.495036301516122,5.501537723785166,5.515027205803905,5.520248453828108,5.519207466666668,5.513017820936934,5.50603049365604,5.508551327150624,5.5008412309658175,5.500933077987019,5.490121031956684,5.491937228289683,5.490003174267274,5.476277766024962,5.472569049125027,5.4726171175913265,5.459788015531536,5.455234154007334,5.457763144141319,5.465564936418595,5.468014996875651,5.463791631973356,5.460546003959571,5.456400625978091,5.460534183566799,5.455026766033378,5.454634274873524,5.469589575859887,5.469964055396976,5.471955141768937,5.474757333333333,5.475860284605433,5.474974591847769,5.468891783349615,5.473087357569181,5.475629203731829,5.478239375542064,5.483636067708335,5.480948667966213,5.473688426978456,5.472463048872586,5.463540339129495,5.458834105448929,5.456541859951402,5.454585574706335,5.457174273400375,5.463147943387882,5.462801676593868,5.463519744098831,5.462094996693851,5.46613909401521,5.46892559262511,5.473642253211815,5.477782160859084
Father_-Son-Co-My-Life-at-IBM-and-Beyond-by-Watson_-Thomas.txt,5.5094942748091595,5.509136445815165,5.500288083342193,5.499864147739333,5.502688434220291,5.513767962806424,5.510632670334321,5.514318085556968,5.5148515376458125,5.510300159659394,5.512081428723291,5.495267134951043,5.498224299065421,5.498783298097252,5.5016048080978495,5.5089875946173255,5.489216759658911,5.488519220642444,5.466057468835834,5.447381432360742,5.438098471986417,5.425045541198898,5.424469031233457,5.403345018058211,5.417434643995749,5.424858983838597,5.427551063604614,5.428224833280407,5.42869941891178,5.4475536842105265,5.4472592670376985,5.442664145393424,5.447215123586091,5.46227334804076,5.4880797139552,5.493024646040903,5.496116708648194,5.499484168588803,5.499945521215296,5.487647738007768,5.468001684565172,5.463604553119731,5.459646512609476,5.45668187606112,5.454234894340024,5.452034202470178,5.444495422498159,5.454843176334838,5.461431567907709,5.464673182009248,5.452372648488691,5.461364262260354,5.475384124281762,5.471215233204964,5.460188174917138,5.4663672040729745,5.494072977260709,5.492451361867705,5.485111483303674,5.477948396531913,5.478962136226139,5.471172406573851,5.458849770162975,5.445132408575032,5.437711033828643,5.450328544263681,5.452263931479327,5.4349789029535875,5.434909435551812,5.444960092417559,5.474190928270042,5.482475205739607,5.4867016317016315,5.50463603565365,5.4983168316831685,5.485317114628704,5.478188528047238,5.459683124539425,5.449306212551247,5.426969410280668,5.4341209949409786,5.445098826762499,5.428770926043654,5.419433842239186,5.418262437679007,5.427470469298712,5.41144417347047,5.401744667303407,5.407400275103164,5.422506866680751,5.42845206497505,5.434628589594151,5.438504514073287,5.42287451984635,5.426278920308483,5.42761408783421,5.417070050111953,5.419203038083013,5.429571245733788,5.4386960710844665
Hit-Refresh-The-Quest-to-Rediscover-Microsofts-Soul-and-Imagine-a-Better-Future-for-Everyone-_Nadell.txt,5.571873846487895,5.573053957225056,5.576855804835548,5.578211992599848,5.574943832479006,5.578647379912664,5.572242602904247,5.565086591874524,5.56898345668263,5.571522781774581,5.565543324250681,5.562469618055555,5.554141896289868,5.551226045296168,5.547455236028215,5.54386134317023,5.533625325238509,5.5284320934256055,5.530651750972763,5.527519129216511,5.527231547234774,5.526938030286758,5.537308927424534,5.5426970021413275,5.5440473132091626,5.547481299422953,5.551378167432909,5.555172487679451,5.563978945106887,5.565427775993148,5.568845001070435,5.570077079541805,5.577998929909042,5.582987667560322,5.581455111683849,5.576997531924026,5.5732778255264295,5.569381576121967,5.559532339375738,5.557883070992611,5.560017136125094,5.5571526733948895,5.551007934805918,5.553825798157275,5.554589392643284,5.54625774738192,5.542492251790104,5.544323601753822,5.54644577668344,5.540712759136568,5.543749866267252,5.551365827530798,5.559042826552463,5.566671683508923,5.568650571243802,5.567250080879974,5.574593574816731,5.568101252158895,5.565324915641668,5.563299070530344,5.55469010989011,5.559248070562293,5.552790723357262,5.546298873426111,5.531500331198941,5.521453963347318,5.520708774250442,5.517006060606061,5.511183542907567,5.499632320563629,5.491642857142858,5.484535969247666,5.481642841433913,5.4781454185458145,5.485800941640207,5.485340165721762,5.486243891844934,5.486674239965379,5.484811647542759,5.491334415584416,5.499675740158334,5.5143339119114785,5.517447616979698,5.514116880295459,5.519622313870197,5.5295335213712296,5.534545652173914,5.538427064070488,5.536801086956522,5.542810322299652,5.547311535954813,5.551418501247153,5.5586040415073725,5.55719687809168,5.563992467043315,5.5696706384892085,5.57724928693668,5.5783726332907415,5.584971942950667,5.5895423529411765
How-Google-Works-by-Eric-Schmidt_-Jonathan-Rosenberg-_z-lib.org_.txt,5.519456035767511,5.517488789237667,5.507192381767601,5.51028672301273,5.503568897003544,5.493021404754221,5.484961273666093,5.486203713641731,5.474822756168517,5.468721180780004,5.474125497793564,5.4694483353086945,5.472441547247064,5.467955330168321,5.470644082425289,5.475405114979583,5.48008503767492,5.482161112908444,5.484188245406683,5.490945278969957,5.486897661446042,5.494740406320541,5.500373751476748,5.504025150472915,5.490587982371278,5.487653379176964,5.491891166684554,5.504561177355248,5.51176375578766,5.5103913746630715,5.511440258342304,5.5115673644659156,5.515965591397849,5.516875740920358,5.521290149317864,5.5170083547557836,5.508288182593857,5.507685421994885,5.5065912969283275,5.515036737301672,5.512825183764781,5.504523505637098,5.4934947546889905,5.497831708350996,5.502211752249867,5.499342007828203,5.498993876689188,5.494553335447722,5.488685326547922,5.484078793671021,5.482516782099094,5.477799594493652,5.473892853339014,5.459696068012753,5.457338435374149,5.454679630219956,5.451702331523475,5.442628334573281,5.439975573491928,5.434081089709482,5.4284130365321115,5.4276939426142405,5.43003399915002,5.433371537726839,5.436988232799746,5.4421226564982526,5.44875052943668,5.44644891476972,5.44649158106534,5.45084657766476,5.458283416234522,5.46343819510645,5.469117086597501,5.478469290336268,5.481136871211316,5.48329348986126,5.487916533247946,5.489784372331341,5.497299722281564,5.495596182714991,5.4924301675977665,5.500160422049957,5.508804219136799,5.507243423889608,5.509713730150157,5.5064681724846,5.496961409577343,5.482433279308482,5.484100905562744,5.4827429247820945,5.478875484704869,5.480584059373992,5.472753607581305,5.480082777897227,5.48111386405257,5.482083423151541,5.483058937614481,5.496573954290643,5.49884736214928,5.5060605400696865
Idea-Man-A-Memoir-by-the-Cofounder-of-Microsoft-by-Paul-Allen.txt,5.5058555422604165,5.507259662493195,5.507630860015299,5.500980026338895,5.487094438960185,5.4709294907050925,5.46362235915493,5.463160382543696,5.45224570673712,5.44463881253436,5.44047315140845,5.424039727831431,5.429516464281808,5.432936490615452,5.436102844638949,5.438172266608296,5.421709850224117,5.414692963286713,5.426135519125683,5.426046105102153,5.435367743343519,5.435641891891892,5.428474594831363,5.430233373507176,5.432153695011462,5.428667905146979,5.434477156253408,5.438550202119523,5.43044000436729,5.430365415986949,5.43088697359808,5.437601736299512,5.4481305477376045,5.447937853107344,5.442357529794149,5.449935022742041,5.447070553809472,5.445446167190719,5.457065666449227,5.455304612706701,5.450014170481797,5.437461236077746,5.420589260429147,5.408433970460469,5.4100293542074365,5.41009972899729,5.408575277508352,5.423965221124947,5.422769741776492,5.406482788112038,5.407650698815748,5.411178418803419,5.426501925545572,5.439535357871016,5.436711416604016,5.437811353334773,5.439122274058804,5.4290678891071815,5.43792669584245,5.454290729566649,5.457070784787866,5.463742838254737,5.471239651175626,5.4767254184680185,5.476991445394956,5.4765279017857145,5.464479491752117,5.463993546233448,5.4551800245234645,5.4490358619148695,5.447914480294741,5.440373226058778,5.431775095014532,5.443324053452115,5.449433543952998,5.464345456567679,5.490978454020435,5.50429711751663,5.519703670942062,5.530541464490517,5.5405952641964475,5.542408261920457,5.548306425041186,5.552413413963716,5.551122336920711,5.526893299703914,5.506758265820014,5.49956507413509,5.492623113363446,5.5027102907041,5.499706764411862,5.500556417645755,5.490412645590682,5.486780130834903,5.4888416731388,5.493979319546363,5.502437171897688,5.488976842574036,5.497404936624415,5.496151806430229
Igniting-Innovation_-The-Tata-Way-_2019_-Harper-Business.txt,5.49564455993673,5.490985772357724,5.489896092161735,5.493708624183742,5.487535187478888,5.4786019330186555,5.472738896366084,5.466634906400627,5.460368705035972,5.457559161595673,5.455552811763385,5.454280745062837,5.455846033168982,5.455146152984657,5.469416703985669,5.467769299820467,5.4652458282002465,5.467798636719187,5.462949447606294,5.457009907603251,5.450637871535122,5.4471893458152225,5.445746959723307,5.450252626872346,5.448877059284994,5.455441094047752,5.450704304080492,5.452035821559684,5.45359302067126,5.448623761273801,5.455008948545862,5.458402366863905,5.452061452513968,5.450426244141933,5.448622187569614,5.439580871697692,5.442302536029493,5.448980093938716,5.459753169527656,5.460836514709185,5.4696085048936895,5.477361983842011,5.4810211188496964,5.488949385638598,5.483082376772451,5.488439183123878,5.492510098743267,5.492464844189447,5.489818385650224,5.48063836935827,5.482650629496402,5.4760738406123375,5.472961170512098,5.4710553555355546,5.471806400721208,5.481869643662607,5.479813063063063,5.4788607737291946,5.479166199079789,5.47492978317043,5.474054963544589,5.4718692634877995,5.473697677028392,5.479148768694479,5.4739044722316095,5.4757413249211355,5.479046973803071,5.48317796130784,5.488571266968326,5.490237556561087,5.4910627909617356,5.487186860650148,5.4856558773424196,5.479789365820334,5.470244986326344,5.466451943906054,5.462154267457782,5.460106140150651,5.460684102329831,5.457125427594072,5.453125214016665,5.449692852249372,5.457624656907595,5.458228427557794,5.457370222475756,5.45821115038194,5.458821184510251,5.459608066537542,5.463330301307561,5.472648901036329,5.480109376780222,5.484791429222703,5.498827272727273,5.511446440755061,5.51271952743383,5.520924789820496,5.520910951893551,5.5236543490619665,5.53063443422994,5.5339482641252555
Insane-Mode-How-Elon-Musk’s-Tesla-Sparked-an-Electric-Revolution-to-End-the-Age-of-Oil-_Hamish-McKen.txt,5.449032724844168,5.43709400757407,5.420296709425544,5.398181514104136,5.392734053211622,5.399519252170043,5.392663478647687,5.376267894795251,5.376273443568971,5.3737299035369785,5.379536666666667,5.385737375989298,5.38500781773509,5.392381962272575,5.405080618258646,5.415490283176014,5.435357818586533,5.443170704601023,5.446705292479109,5.453654964221824,5.460473147213814,5.455558543417367,5.455160170250896,5.445763624130971,5.439433814479131,5.450203602192638,5.456423626619027,5.454911553963279,5.457268865287871,5.450577653631285,5.453291423439605,5.454421822272216,5.459142055025267,5.462319964048984,5.461573741007194,5.462108766783257,5.4688324701643785,5.4775811541929675,5.4723136768519565,5.471258024552315,5.472629921259842,5.475293785947897,5.4816265944237506,5.476958525345622,5.478474823371089,5.479958492259367,5.4851560228162395,5.484843680214381,5.487037943696451,5.483218736092567,5.477128216553415,5.47224179964539,5.4690358769299126,5.463885300668152,5.454482681813119,5.4442704030367315,5.4354216463755165,5.421794586164642,5.414508169389796,5.409339570108029,5.413269466414169,5.407031546092967,5.411911239964318,5.411993104215327,5.415722743521001,5.414527418635757,5.421532374902486,5.4322075892857145,5.431729398663697,5.436862460989746,5.43577819926364,5.43147447380206,5.4210040160642565,5.415666927112401,5.412219993313273,5.4079487463944975,5.408096663341094,5.405377650176679,5.403677590201919,5.3995632513510525,5.391460884916695,5.388067968663798,5.3832232133025,5.40086630662405,5.411061606160616,5.422126366950183,5.421714475578692,5.424740288568258,5.420811381571635,5.415623259440793,5.4162278452792325,5.41943200801871,5.421853333333334,5.430589410589411,5.443318936877076,5.449795534924846,5.4492517683465955,5.4440448817156755,5.447616426290873,5.453792724475217
Inside Coca-Cola A CEO's Life Story of Building the World's Most Popular Brand.txt,5.496116728951418,5.506342750357261,5.505605543944561,5.508342492855572,5.5074131697162265,5.503316538882803,5.494327965823201,5.494967720757195,5.488395399780942,5.487613835376533,5.485805852806289,5.48380598645401,5.482331589274035,5.484287114693389,5.482013495864171,5.474543972170889,5.473246357903892,5.4718272461255015,5.468066934695209,5.468645413991949,5.473029808529155,5.4656386224934606,5.470151300751061,5.472178325875806,5.470281475016365,5.472374603868429,5.468037280701755,5.463778240842291,5.4632766937075194,5.463698630136986,5.461960977748547,5.464887011847302,5.468436642896324,5.46900493691717,5.480444152718522,5.475719589430008,5.471569227406841,5.4770882610600085,5.478246383165278,5.470352799386435,5.4732169439579685,5.4700032865907104,5.472653328960315,5.473526194903204,5.479483701597025,5.4766378555798685,5.47580864603906,5.468538957490985,5.458563312575111,5.453054736152082,5.444717167287876,5.444956082564778,5.4496602155267215,5.447165916328099,5.449176832618969,5.452393886078734,5.449148327464788,5.448383615943624,5.444863104438067,5.445199513650934,5.437305819871654,5.441339898207568,5.444202227367957,5.447989838745307,5.4473967445465625,5.449592991016967,5.446212305313155,5.446887219706176,5.451877546525713,5.4520861727852274,5.454854635216676,5.458033523225241,5.453026618468615,5.450001091464745,5.453286492374728,5.452282135076254,5.452686632418844,5.449830749071849,5.451780836884081,5.4560834881433715,5.460755395683454,5.462193632795465,5.461467959895378,5.461712261580382,5.458077593722756,5.463021857923497,5.455915971917507,5.451155784399649,5.457470407715914,5.455139254385966,5.456754923413567,5.458484451718494,5.459880486744894,5.463359442993908,5.468478756927089,5.4685481594092735,5.46712112982075,5.461533868866695,5.473795200347486,5.482084778837814
It's My Retirement Money—Take Good Care Of It The TIAA-CREF Story.txt,5.466458537648469,5.454527515895637,5.453843025173134,5.4482112567463385,5.4349514670196335,5.436831879898444,5.434256913077008,5.4330025389115795,5.421264128168551,5.425087910887846,5.4136245919477695,5.417306562193927,5.421596126645633,5.431076218514884,5.422780082987551,5.426528880670075,5.429171835890739,5.439280253385758,5.436408966648442,5.438853461454467,5.43821098901099,5.43791190685413,5.42767612578065,5.433570017559263,5.436805616983635,5.419850663716814,5.416781596452328,5.4148227974669485,5.427687210072896,5.438220750551876,5.438923434388139,5.442325323884398,5.445858073060369,5.459010783450704,5.468853447330922,5.4754380201489266,5.467113131091885,5.46442972854641,5.455140891218872,5.457901409990162,5.454493975903614,5.451210226025895,5.438411338167436,5.440471469486671,5.453531811666115,5.4424900881057265,5.4477151661897425,5.4434833940196405,5.434231066034616,5.436892100617828,5.455842064629978,5.445827282728273,5.438001532231587,5.433506450907501,5.437409586056645,5.454216514954487,5.472630039011704,5.473322877230936,5.470729697495392,5.483648077964266,5.487702482923126,5.488114291910648,5.481574777512481,5.477518526591107,5.4567640326975475,5.456026844172849,5.44920008694707,5.438919212786779,5.43719298245614,5.427059209806282,5.432194637537239,5.424557144440749,5.421337358828134,5.412492984622292,5.3927807305213165,5.382489772727273,5.378583778864748,5.3897693443926835,5.393069541657259,5.381251547552053,5.384857814599194,5.391722942754919,5.416584444444445,5.427464226289518,5.454998894539022,5.45278617949001,5.463293650793651,5.473372144599689,5.4924897506925205,5.506023909674562,5.5174523704031895,5.519622286220646,5.5001853907637654,5.497550997659124,5.498567923265671,5.492962177842241,5.481186251534427,5.476826140292183,5.4671086226203816,5.474615126050421
Jack-Straight-from-the-Gut-by-Jack-Welch_-John-A.-Byrne.txt,5.533883587786259,5.519919576719577,5.513835877862596,5.51021215657155,5.508169372811206,5.5033478723404246,5.498661207996598,5.502044222387584,5.50804556099638,5.5157855467917285,5.51386009810194,5.503739139761879,5.504651262302098,5.499829782678514,5.496470525072479,5.484749785223367,5.482175687285223,5.479299055388578,5.477009867009867,5.479474190445656,5.46449556007275,5.468691987624027,5.47610885372113,5.474262172284644,5.465492671445383,5.461309880239521,5.45809747755451,5.457955978202799,5.453175754988796,5.459076017130622,5.45357020913359,5.463917119420476,5.474859034600598,5.484706891008467,5.480329376537269,5.4859760530254436,5.490870681356296,5.488152266894782,5.497786789029987,5.485215815837152,5.483035391646297,5.483102460755198,5.498787139219015,5.505809190279105,5.515695223975432,5.515839138695378,5.516966684294024,5.514164983522909,5.507847805292805,5.490262316058861,5.495998932764141,5.492646616541354,5.489710191769015,5.484296647623155,5.482763086886131,5.497981245958181,5.503283372870391,5.517653829604131,5.511931108719053,5.510284365275244,5.5094006004718,5.499727759914255,5.474223861449648,5.464746815116155,5.444344738540995,5.425087303298126,5.426953099730459,5.429058747160013,5.439830526887561,5.462748149760558,5.482107208872459,5.494732501356484,5.505690064794817,5.5181020561955,5.5167330891856965,5.51673640167364,5.514118591458846,5.514651286980667,5.511043897216275,5.51372688172043,5.52315218558694,5.51624649859944,5.508734204557728,5.496713173264114,5.483281553398058,5.490732573149741,5.488985212173168,5.487301604278075,5.490221319362772,5.50155910543131,5.503612821057101,5.506019273535953,5.503075784800761,5.5035393555203385,5.499226315789474,5.497844084891784,5.49941120906801,5.4995404103852605,5.501519027151693,5.5080315291644775
Moonshot-Inside-Pfizers-Nine-Month-Race-to-Make-the-Impossible-Possible-by-Dr.-ALbert-Bourla.txt,5.483415438750824,5.484646076060672,5.47677947478299,5.470928061504668,5.460874095196315,5.4501040867755,5.444312910284465,5.443049273462252,5.4468082087108405,5.443486899563319,5.442846388828279,5.440450174825174,5.438935144609992,5.4364639491562565,5.433990347702094,5.4344657955418905,5.437582886530255,5.437754324883038,5.437319352385091,5.4430486088556895,5.438720338064796,5.438363321049208,5.438226681127983,5.440480164751789,5.444870684990802,5.450430223759595,5.4515739939420165,5.459116022099447,5.46216803633218,5.474114594594594,5.472439498703544,5.473957433016422,5.476723243243243,5.476114601386482,5.4755308775731315,5.472735163285234,5.474529347826087,5.478560366452176,5.48118031358885,5.483777850233671,5.485077409507196,5.483151568134631,5.4834523157779484,5.482291780671993,5.481054127938765,5.482141374412761,5.480976408912188,5.473296150481191,5.472605795516676,5.47150852645387,5.468464566929134,5.468698697603151,5.460671715508726,5.463294505494505,5.465080795866769,5.465931830676196,5.4693695079086115,5.470620614035087,5.47612423447069,5.479283999126828,5.4791092016532525,5.481525313010343,5.47683625667284,5.482833061446438,5.486348033890941,5.4882717792743865,5.494577633007601,5.4996517682794535,5.50210926468991,5.502169001846421,5.508172544763972,5.5104154431756385,5.513521019385754,5.513875081752779,5.513221022789227,5.516681580096028,5.5156777354382145,5.512740684078243,5.509818601583113,5.503786514386118,5.4996111049906355,5.493678579307302,5.492900022070184,5.488382385483514,5.480770424564904,5.4785896299579,5.47361326824939,5.47001108278843,5.473406824728562,5.472033691676827,5.464596809924678,5.463602835308452,5.460676950393963,5.461878471450789,5.457787404198601,5.4544760528947664,5.461036856127887,5.46859475672073,5.471774300932091,5.476507214206437
My-fathers-business-the-small-town-values-that-built-dollar-general-into-a-billion-dollar-company.txt,5.551220156349039,5.54988823281316,5.55217831172937,5.557779534197492,5.56072863000736,5.561530954879329,5.55178006080302,5.543498951781971,5.5422066366586415,5.544162819974822,5.53287153652393,5.525714285714285,5.518219322247948,5.515882539347206,5.507772015241321,5.496101281915457,5.491484507640068,5.476434487152262,5.4705453580901855,5.46855195911414,5.469564798973481,5.4728188134687334,5.4746883671291355,5.476787542662116,5.47547499733447,5.473445225916453,5.46362400424854,5.469099576271186,5.468811462408797,5.476815347214882,5.4808792137799855,5.490150843881857,5.48761553070268,5.492166824445145,5.492597674662198,5.491030474395226,5.485024093861303,5.480522231543624,5.481714973317986,5.483613550815559,5.4873883951908,5.4927992459943455,5.495748873283723,5.497723747642004,5.493464443045941,5.491284816753926,5.487531096477475,5.475159802996961,5.467380178290509,5.460986358866737,5.462836180693848,5.463170322174414,5.4693019838354155,5.469505148140366,5.469247503941146,5.4640289885516236,5.462359538784066,5.467003144654089,5.473002943031322,5.477644336943948,5.486383895721644,5.490651167683568,5.495741833508958,5.500329786113158,5.500916175231676,5.499066877303844,5.493699324324324,5.4958689008325425,5.497368864546029,5.5001633126119485,5.494337817952491,5.4925230898404696,5.48725873979485,5.487204604918891,5.486069823351103,5.4895189899833055,5.487998120300752,5.4909968684759916,5.498961811352254,5.495140948005846,5.495510587253571,5.492086023745053,5.502669998958659,5.503855057351408,5.502569219517292,5.5038020942408385,5.509889914028098,5.509799580272823,5.511720554272517,5.510768746722601,5.50987716535433,5.508317786395556,5.496368592095608,5.500753568429892,5.497278367862025,5.494564485588049,5.486005686604885,5.491510783798001,5.507061546554445,5.503178286434272
My-Life-and-Work-by-Henry-Ford-_Henry-Ford.txt,5.421996597916224,5.4136132667162755,5.4112876537972,5.419418247324362,5.4272245717910765,5.431537729866835,5.430079356681832,5.421573808765785,5.428985891587992,5.423749602122016,5.424346031746032,5.4213573319216515,5.429783875410531,5.440217622080678,5.432946238844029,5.434224962789709,5.432639258706997,5.433758246435413,5.4429377990430625,5.449308550185874,5.455569849032532,5.450564773452457,5.444624547968518,5.437573599744925,5.425981477538855,5.415870561893593,5.407384353016415,5.398059669685669,5.402601937613116,5.397809675704413,5.390922552466177,5.388871707369095,5.385142248268514,5.388227456832231,5.386425681431005,5.381331414561348,5.385247556311092,5.387299829642249,5.403311370882041,5.408490525867576,5.417988517967256,5.424955902667091,5.414900085034014,5.417913653764355,5.415245727629763,5.413711252653928,5.416802843803056,5.422103590721322,5.423088717352226,5.418971350037002,5.41328568403219,5.409554376657825,5.404705882352942,5.40751056635672,5.411688654353562,5.422134191370398,5.434415831134565,5.432000421585159,5.434830714059699,5.442891095383965,5.4429041789784725,5.438155421813958,5.437019790454016,5.427813429664258,5.432103862934979,5.423648879402348,5.418857754010696,5.418399141630902,5.42646590664659,5.424367654986523,5.421248105650574,5.418614647948633,5.413535683202785,5.421236990459671,5.430777297297297,5.424772751808269,5.419075593952484,5.41454231433506,5.414486282947822,5.405510925449872,5.401009419824448,5.395809727418493,5.4095083191126285,5.414527437400106,5.401390076988879,5.401060524906267,5.399091591591592,5.409164879931389,5.413454935622318,5.411732275018771,5.407042617305208,5.404548682087143,5.403296502896374,5.399773653722377,5.397902082885978,5.4093898123324395,5.4116993464052285,5.4149377415199655,5.413016316015458,5.417506178145483
My-Life-in-Full-by-Indra-Nooyi.txt,5.61844168572362,5.610843281130216,5.610643499232625,5.597281595966239,5.597678963548529,5.58981974060233,5.578606467223933,5.572557960663663,5.571180281071586,5.56213956550362,5.5524723651088985,5.545154266958424,5.541104435219576,5.543796488166649,5.545200565278835,5.545842818428184,5.553649690520143,5.55775032509753,5.5585075436882665,5.554170101974399,5.554164410267519,5.551882238337482,5.553345966432051,5.550451095207114,5.55190760221234,5.5546974470396515,5.559229349831758,5.5624584645455535,5.552804440091414,5.549377715030408,5.546820356676816,5.544971782070762,5.546007381676074,5.557836987193402,5.559800173761946,5.563435155995217,5.5717552038161315,5.570511258566301,5.565883896359463,5.5618250327654,5.560441144354662,5.561606792945787,5.557726382237702,5.548493864697579,5.5493854505971765,5.542983503364446,5.540746009338691,5.53258560523446,5.532444371727749,5.531098095029559,5.526077450233874,5.516337905508382,5.5193096325288105,5.526776544821584,5.531230685527748,5.540516829533116,5.548411184567032,5.551537878787879,5.550064956154595,5.552671929065744,5.556842616580311,5.551779478335848,5.551650725416443,5.556493394909246,5.561535483870967,5.5644189057947555,5.558949816136708,5.554948431223536,5.551607337846692,5.55979366812227,5.560745518146043,5.565037824799913,5.566649444871936,5.5649533735600665,5.565452448934768,5.561308555091269,5.570359894342946,5.570995713814705,5.574133611691023,5.585264483627204,5.589109461966605,5.580694732249973,5.573719432314411,5.574043179587831,5.566912196714177,5.560094421532451,5.56304794891222,5.561111472565603,5.562128349178911,5.546267757210504,5.541174886926556,5.538556523609767,5.539405887408681,5.533570201803349,5.5374847414070025,5.528170053475936,5.530535370805728,5.537804198800343,5.542824198219457,5.552668593448941
My-Years-With-General-Motors-by-Sloan-Jr._-Alfred.txt,5.44349779640976,5.444142933906503,5.4473440362029955,5.431811320754717,5.428127687016337,5.420293170103093,5.417839169075918,5.401878069613495,5.389998936283375,5.39048226046314,5.393540761157639,5.406203078869675,5.409452313503305,5.413910755630393,5.420471060414027,5.43038498048729,5.442152528030464,5.4408236290493335,5.447211742263671,5.440271157716344,5.422005509058163,5.42002432575357,5.41283800885889,5.407013698630137,5.389105124141575,5.3899567190963795,5.395087682453009,5.386113037083728,5.380922172040751,5.375191842741511,5.374820829840738,5.369785676947203,5.378040469700147,5.389405638544078,5.3928221894115165,5.411816174150804,5.423088482555696,5.428144763105369,5.419181808633547,5.416508733396089,5.397257273959745,5.382386375509351,5.3954431306895465,5.410117289768562,5.416981171548118,5.428836843759824,5.459096530761975,5.463080733558178,5.453749338974087,5.441561801341424,5.447758048989196,5.446065028436527,5.440404680120223,5.4522122571001495,5.458765943877551,5.460519356885974,5.459169214549289,5.4619241676294505,5.466006944444445,5.470408679165788,5.462094936708861,5.464046114971573,5.456674711437565,5.443340670859539,5.431907901622187,5.4173903944752535,5.4014025539041235,5.391996640772622,5.373195887216451,5.3850180697278915,5.3883223052294555,5.400067314884069,5.419173694886304,5.422886278697277,5.42606009130481,5.421842832837091,5.414632006846385,5.409714132186997,5.407199003897791,5.403527744467459,5.424059427813985,5.443625647240278,5.449638197566056,5.4517681064572425,5.4359086975335345,5.4219812943453025,5.422144146056683,5.407713281499627,5.395132167981241,5.393434010422206,5.393965498881909,5.420597791463156,5.430967126193,5.429144452639342,5.45489491382934,5.467248364633889,5.478416280050611,5.461863622014101,5.457569955817379,5.46036252502898
Ollila_-Jorma_Powell_-Richard_Saukkomaa_-Harri-Against-all-odds_-leading-Nokia-from-near-catastrophe.txt,5.541708744175967,5.548534145280556,5.557674772036473,5.553035636679704,5.548090009783673,5.539642583888949,5.524011126868113,5.523865023986044,5.510512932445706,5.5201654331737045,5.510253371030883,5.506096763648251,5.512916576145992,5.513605737883069,5.517157998251748,5.520095860566449,5.519547683923705,5.498528124316043,5.487677213096682,5.480786703601109,5.472549149547161,5.467102216341384,5.464089857945161,5.460469798657718,5.450169921659494,5.457868942731278,5.441490131578948,5.448542779291554,5.451332897033159,5.455004903563257,5.460966615753873,5.473080620493773,5.485008165487208,5.4929342492639845,5.505623974625396,5.506151059391811,5.512416895227647,5.504696090242033,5.488750818241328,5.487706811989101,5.487385670731706,5.4869549686079235,5.481095150664218,5.481219012718258,5.485131933225634,5.48660096930533,5.4935625,5.497828657422337,5.503945607597669,5.506268737194005,5.502527804772703,5.495727430179692,5.498845116028062,5.505904329985962,5.501680354441323,5.500339074273413,5.497876572411569,5.491465563554315,5.488417843388961,5.477238758029979,5.4704675797132465,5.467563321577429,5.464699014567267,5.454857540702656,5.461894150417828,5.477213978494623,5.477749382583486,5.476632135534693,5.483478777405767,5.484552705324424,5.4863730681941,5.49966103530431,5.495920484010371,5.491385561670444,5.497625418060201,5.491287968230117,5.487273607227361,5.485477953009334,5.485780247969218,5.472842520524575,5.471889149935925,5.479975390541408,5.474620070535428,5.488083511777302,5.487592334867787,5.476401498929337,5.476705289132067,5.474358064516129,5.468081025751536,5.4599622763526625,5.466525607638889,5.470956672820067,5.4862402173913045,5.4888214208125135,5.475706982814879,5.467850141581354,5.477478460028356,5.482040461170329,5.478451269806816,5.468874905066724
One Buck At A Time.txt,5.491849627405183,5.492863975086197,5.495255482578203,5.4961025982678215,5.488671770972037,5.488617009449694,5.478624597266971,5.472913193286651,5.474888320924547,5.475864553314121,5.47424426973757,5.4774119601328914,5.475941228457799,5.472669908277158,5.471558183224666,5.4738672263338115,5.470188804239815,5.478816587625454,5.487739733568204,5.490619110234495,5.49685639229422,5.504829819938515,5.508337904552935,5.510148010086613,5.505773907328294,5.503550431646814,5.508364173874958,5.5068161877604735,5.507316325413337,5.502359513637858,5.5010529205094425,5.492231395860854,5.485499338624338,5.4886304852437275,5.491966453321562,5.492864376926464,5.493891885940769,5.487897689768976,5.487299021225119,5.490114524832067,5.488305494505495,5.486461234784515,5.486817783618047,5.492058243923801,5.493635369985792,5.493144071490846,5.495850889640869,5.495538478308263,5.499128721541156,5.497723835616439,5.494162469892709,5.493638651783759,5.49990677780215,5.499733172285056,5.502090929057763,5.501891713436777,5.506232906925452,5.499522075055188,5.50036640547401,5.500163085399449,5.507615443676648,5.5080399035299275,5.501932240437159,5.49612934996717,5.494758990053557,5.4936094998358325,5.489335085989703,5.490576817633513,5.48828853538124,5.493824334684043,5.494508367056766,5.501819373157148,5.49369600874795,5.482584787619361,5.468041077738516,5.472114659569749,5.473273572377158,5.473988279522335,5.469058758314857,5.469591610254135,5.470260330120748,5.466699179782753,5.465986462494452,5.4601097682669915,5.46300553709856,5.462407038512615,5.461145130982646,5.477602422907489,5.495404754080402,5.489180148666375,5.488465989736871,5.494769718849143,5.506740578918624,5.5158540321698215,5.524078947368421,5.527963165972374,5.531201007225751,5.540043869269576,5.545769779435971,5.548689821938887
One Man's Full Life.txt,5.517843242087254,5.520327062847371,5.529315390366335,5.536236099230111,5.538156908915766,5.538755760368663,5.5353460263129755,5.53328158458244,5.535516909246575,5.534799957210099,5.536593242087254,5.542663456393794,5.538316397475666,5.5317296371615114,5.525833511662744,5.522004282655246,5.516083003529789,5.515690578158458,5.5167077219663705,5.516050825648724,5.515205494151733,5.510336921420883,5.5060356179168926,5.4992519430051825,5.498420655454937,5.495454643628511,5.497279904823707,5.494728984096073,5.490852788586252,5.4877512427058575,5.480481237157997,5.479320566915503,5.4739259018524535,5.476105274558649,5.47587470192933,5.474800606848722,5.476881697153371,5.476841307642347,5.479312547363863,5.482604268226628,5.480641206466312,5.480834601173659,5.483458319747854,5.482826512842839,5.48904347826087,5.491691336525903,5.485835965581092,5.4834398516741185,5.4862664922036855,5.490558884410066,5.501806052717215,5.506013206321715,5.512449421183598,5.518693342008241,5.519012787169484,5.516431431973157,5.515984593685581,5.516240780911064,5.5205833875515085,5.518018193632229,5.5180129870129875,5.515940604751619,5.51315681622088,5.513163166397415,5.5143401316499405,5.512815502536975,5.510628176019029,5.508018164125851,5.5041771878709405,5.499614762058918,5.501006790988466,5.5030772541424575,5.501459116793812,5.496857265692175,5.502700643776824,5.507879373256063,5.5079311454311455,5.514000857173469,5.511775751072961,5.5078325441239775,5.507808632009472,5.502447071466953,5.50556532932847,5.510497693875362,5.5169626218271395,5.513817636344155,5.516151206434317,5.514292452830189,5.5185954935622314,5.5214333297518,5.525772785898538,5.528203335126413,5.531913679905284,5.540038697194453,5.54082778612841,5.537138242894057,5.535587377066897,5.543824038045828,5.55899308556612,5.56193060209707
Personal History by Katharine Graham.txt,5.555885561497326,5.550534188034188,5.543335122946419,5.541427189682967,5.558246220302376,5.561630633537701,5.526308652604391,5.495480583565758,5.476815402767349,5.487239600128992,5.512387353478869,5.527542826552462,5.516041087096084,5.50739190776129,5.4975835751907995,5.500137312141853,5.4924697440291315,5.511132699903918,5.50085534053245,5.475411676646706,5.465116702355461,5.4494562672909135,5.475478678038379,5.456411539280392,5.477507711945538,5.470219512195122,5.489840127051351,5.464049280879865,5.464306057385759,5.431313782361155,5.405375772692767,5.403223783783783,5.4275368239974195,5.446365481149204,5.484499679965864,5.469022017956393,5.451180548149728,5.419941501808126,5.407868696479543,5.424720405148766,5.441158639628222,5.445020229982965,5.437594299185598,5.4373562970936495,5.463182992465016,5.466136559139785,5.47042688172043,5.471769419809809,5.452625318606628,5.463998093624232,5.444105596620909,5.4129620627707915,5.408713320667089,5.423269392917369,5.438383422967416,5.450780554967168,5.447981270618283,5.45186308953476,5.455077631438057,5.4483226014166135,5.443661745827985,5.4597372935878195,5.442047720042418,5.426252129471891,5.4069735720375105,5.421865108868826,5.44543533658951,5.457150429343794,5.4448903020667725,5.451705005324815,5.43522405534859,5.410249946592609,5.387254922831293,5.361103145730794,5.368063515825493,5.366277521211471,5.372842263502631,5.371181926021784,5.383994831484871,5.388484128697906,5.410718047941525,5.430623186848608,5.41178916827853,5.423892401671847,5.438796276481917,5.447237221214385,5.434159592529712,5.398007215619695,5.382834020945731,5.408581145711553,5.402462686567165,5.396852108916177,5.397345113902491,5.412543887647622,5.42627063055438,5.424519983083104,5.429580559957739,5.42777553406313,5.473054286624881,5.487039123963427
Phil-Knight-Shoe-Dog_-A-Memoir-by-the-Creator-of-Nike.txt,5.48414623609461,5.472395424836602,5.477952600394996,5.476901021641218,5.469225778071044,5.465890772957498,5.477216483516484,5.4775169844400615,5.481741652983033,5.491942477394052,5.497707475622969,5.503170047475184,5.510006448146158,5.5091806430936865,5.504752401280683,5.492390489450574,5.4844636529582305,5.471847264110297,5.471651949170795,5.457856372654734,5.436691192382601,5.43814738441502,5.440513322457858,5.445636522308279,5.45192232162339,5.452491593448314,5.459116052060737,5.469359696641387,5.479913858081189,5.486478358930297,5.5034903017241374,5.509623453469607,5.511260748065348,5.515665236051502,5.517502686438856,5.516262495969042,5.509314446366782,5.499802752790723,5.490170245066147,5.479588043478261,5.486369254119688,5.481916721026311,5.474364664926022,5.475686765346103,5.474957599478147,5.479138943248532,5.476572019147084,5.473075420510038,5.457714161314902,5.464766202696825,5.458368032964651,5.4533113370835125,5.446431049436254,5.437159904534607,5.434731252709146,5.434932914953475,5.433709799675149,5.434765093422616,5.4374353144960486,5.444524583062595,5.438000869659746,5.438641476466091,5.442264480874317,5.443520586947,5.439810410958905,5.447261474422171,5.441384665864596,5.444721315044633,5.447926723200696,5.445783866057838,5.449489311163895,5.450216198773798,5.449487455583073,5.457745034542315,5.458132367254245,5.4533462908973105,5.454865275966972,5.451594045419972,5.454639713074665,5.458486870897155,5.453213701319952,5.439279122787972,5.434024509272312,5.436153427638738,5.441304158502068,5.441186329995646,5.436997488808822,5.442838280226975,5.440034828036569,5.44023666703021,5.45092568306011,5.445092774503384,5.45168458781362,5.46320795503675,5.472715716901864,5.481995282513135,5.474616788321168,5.480620918531206,5.489080090061113,5.492396835578362
Play-Nice-But-Win-by-Michael-Dell-James-Kaplan.txt,5.537490712238616,5.538393936181491,5.54521794463888,5.546399024183284,5.52967964357696,5.530313492904046,5.541062566277836,5.534126967247979,5.531897157457681,5.52223840918758,5.515868269844648,5.515597276885438,5.5131736909323115,5.517262575773689,5.519650409095739,5.5311843504146285,5.531802041250265,5.528012759170654,5.518771762208068,5.520469563369808,5.516810701773013,5.509881040892193,5.5108641449120945,5.507534231921268,5.495352278820375,5.489193201376937,5.483520808689106,5.486064425770308,5.488498219872694,5.483181329318134,5.478917898370915,5.480627763995254,5.488270223752151,5.491595210093018,5.499747253919163,5.500600680416754,5.502400595364661,5.498296919961633,5.487345547507456,5.487778608027328,5.489274357059012,5.488184726962458,5.481849797311713,5.481433756805808,5.475575608714225,5.470600684053014,5.469634420096204,5.4744448000000006,5.47972000425849,5.4876335390508615,5.497391535516801,5.491079182630906,5.496955595783196,5.49715548455804,5.4932778133675,5.491879747512572,5.495233055377378,5.493825323771808,5.500303775804898,5.498710298363812,5.485256041733205,5.485332694559779,5.486372256552312,5.494929217668973,5.503704216354344,5.520446921443737,5.515747638756236,5.516101067766148,5.512486537852392,5.5189236294496675,5.523017469560614,5.526573663073346,5.536713426853707,5.539475071149995,5.5385907944514505,5.533719095213046,5.5209362150764365,5.5325200930626055,5.522001485726414,5.521206362762891,5.520211335254563,5.513063478447351,5.515324283559577,5.504355239020179,5.505516942730323,5.515112994350282,5.511091835628321,5.511612448492736,5.502996425089373,5.509328093033273,5.5097779446470705,5.5128699935746415,5.508028380993335,5.51612012463737,5.516572010287184,5.51216730851519,5.516713264326112,5.526129169775125,5.5291093333333325,5.535235964631938
Randolph_-Marc-That-will-never-work_-the-birth-of-Netflix-and-the-amazing-life-of-an-idea-Little_-Br.txt,5.4956907083913835,5.509507426007052,5.509384352287301,5.49745851621882,5.50079815727448,5.503158290378007,5.50462615815557,5.505607365927202,5.503969654578715,5.500009690965866,5.497617204301076,5.498439617163136,5.487446190271202,5.487803858520901,5.487766128169466,5.486822599594147,5.482008515167642,5.483870659445683,5.4897574726092975,5.496028300883073,5.501198210672063,5.502074684356944,5.5004956735391515,5.501473988439307,5.499989279588336,5.498239323557743,5.4884159159159145,5.48543345149855,5.475261065749892,5.4695655904751685,5.454995169082125,5.445239978621059,5.439326912787586,5.438041590738558,5.4432187232219365,5.446395573700043,5.45383963983278,5.461241305510969,5.464829278702519,5.463936806148591,5.460899080607227,5.465382390745501,5.475973010602977,5.480641299700728,5.475766477940391,5.470906669507778,5.465035143769968,5.464863912904258,5.463551221603086,5.46982448630137,5.4749025455320055,5.47304649919829,5.470895729044627,5.463007238662977,5.455786230344241,5.458706256627783,5.460440677966102,5.46113197594683,5.465091805686707,5.470439260193358,5.469848293299621,5.473146551724137,5.468899044017229,5.472331017056222,5.4784114610765835,5.475545013704406,5.47613777824665,5.477807858421994,5.481705844980941,5.47904317386231,5.48215946491135,5.479374269627112,5.47828516583129,5.487650267379679,5.477081503694977,5.471514825956167,5.471212906010576,5.465939256376999,5.457051754006063,5.444930141882378,5.4360636225925125,5.426348023331173,5.422120885051268,5.428730261037706,5.442668599656356,5.443567445850311,5.444605389285335,5.444435191116805,5.448509594882729,5.459469535577333,5.4582656433216075,5.46355465414176,5.480502029480881,5.479621714041462,5.467071840923669,5.468329043329044,5.467317677474954,5.481639502466223,5.480191341528594,5.488216361679226
Random-Reminiscences-of-Men-and-Events-by-John-D.-Rockefeller.txt,5.502559325562032,5.502259375,5.5014510580631715,5.502612049197415,5.50303804064617,5.503172535944989,5.505848525888113,5.50496976647206,5.497234907725993,5.494068397455949,5.486717040125066,5.486254424318134,5.485716514143095,5.48374675122154,5.486855241264559,5.485754236407111,5.484144387808176,5.481063254265502,5.479976081530782,5.478633101009051,5.475284747527329,5.471013949614824,5.464720341631081,5.462179206993444,5.459654346694429,5.4584272471617545,5.458937454469768,5.457926157046281,5.457925725579943,5.454883430474603,5.45138336629541,5.445683925408897,5.444615384615385,5.439821652065082,5.439507204009188,5.438936325678497,5.4396189979123175,5.43836903144917,5.43780018810743,5.435604096989966,5.433492827976128,5.432265378962839,5.429591922591501,5.427084474404887,5.4283809423421525,5.42570931703204,5.426047272343569,5.426709956709956,5.427223161453931,5.431282349213056,5.426340587365307,5.427171525137305,5.428626437387911,5.43229706936538,5.431319839763862,5.432094715747284,5.431423141891893,5.433697993664203,5.43846738442052,5.443018469656992,5.4436525682944845,5.445415744546317,5.444161746098693,5.442924846949546,5.444561866554054,5.448651958196981,5.454817903515253,5.453292875989447,5.451915365132968,5.455425857519789,5.45390308277027,5.454988904153017,5.4493013423528165,5.446309900781085,5.444921957392956,5.4405006851480975,5.4410589967399305,5.440813392107473,5.445420727234621,5.448587434554973,5.454166143544675,5.456601840234211,5.4630257107023406,5.465048066875653,5.467009511863699,5.466188186095138,5.4678424407063,5.469322671683914,5.466372097887471,5.460965004191115,5.461211994128749,5.460320721098417,5.465490360435876,5.4661458551941235,5.463435202688511,5.459450226006517,5.458742105263158,5.4616134807793575,5.46663753159225,5.471796463902336
Sam-Walton-Made-in-America-by-Sam-Walton-John-Huey-_Walton_-Sam-Huey_-John.txt,5.544110280963906,5.541988217967599,5.534668630338733,5.5282943531394855,5.5267383512544805,5.52215976331361,5.510818114641614,5.506267412410299,5.504356947079907,5.4951658217152515,5.496244305540841,5.492948717948718,5.491851930420025,5.494428056027165,5.492089077412513,5.496915422885572,5.496212505280946,5.500664627070367,5.511670712401056,5.5121355539158845,5.523937927406628,5.524755046257359,5.527077390939597,5.531550566512799,5.527179729304375,5.528047293746716,5.528409760201936,5.5230619338529605,5.518882216603455,5.5111518214360915,5.506038708320186,5.504374079528719,5.501291644771414,5.499886530783778,5.503925988049062,5.498914273737163,5.500672040196797,5.504410781445884,5.513804211843203,5.511818748700894,5.5129869994799785,5.519665590165642,5.514901940329647,5.514309317159888,5.510918313983892,5.509395966140663,5.5155739248718225,5.518916457286433,5.517149723121931,5.517945205479452,5.510388807377908,5.517812270582066,5.515744836985008,5.5158490566037734,5.505560087856919,5.500013588376711,5.502669526998743,5.50150876088553,5.500837272822776,5.514659867521817,5.505773402126987,5.511499842121882,5.513170629076373,5.513463080168777,5.514985250737463,5.515314574770788,5.519817008673578,5.520474579854139,5.509347917987741,5.510544224875832,5.500850300664627,5.4985761134031526,5.487886712546321,5.481148426740121,5.477219983029275,5.472337152556758,5.477933008267968,5.4808790742117,5.478898907393657,5.4810210369740755,5.487669491525423,5.493409235331498,5.491425853503858,5.493985430743244,5.505396107311941,5.506821240799159,5.510230753094189,5.509346117573089,5.506327724945136,5.514700354980163,5.5217066805845505,5.526211536455617,5.53085792006696,5.531391304347826,5.538216267141212,5.536439774153075,5.542067342884033,5.545227677169476,5.539533836161743,5.549120671563484
Schroeder_The-Snowball.txt,5.465078079814922,5.47095871559633,5.456483908045977,5.468386237256718,5.470423292529459,5.459355690823475,5.4544812336999655,5.438750000000001,5.449438592559391,5.429022834116858,5.433920754293411,5.4393908343655,5.4448503061918805,5.451734972677595,5.453825890333523,5.452974191367068,5.4502092286812935,5.450691979330487,5.4456014910199935,5.4510748928490855,5.454932157394844,5.461277696547071,5.467406151062868,5.484994881128427,5.4767815039487235,5.4654247460757155,5.44192843866171,5.44906617477519,5.445574148874784,5.433223226703756,5.413084465445955,5.4231772181689815,5.439841417910448,5.437616556214394,5.421082341964078,5.411977181839568,5.430411197583924,5.456840945977278,5.471379112031286,5.473545131322399,5.464496361982719,5.460426703372333,5.439275826564466,5.437257437070938,5.433852779053744,5.466467499124753,5.4414875161176885,5.423272452303396,5.417559660394677,5.4341102814474445,5.442527295713137,5.462020845396642,5.486553431598342,5.47767816091954,5.408755052546484,5.403965095986039,5.415528700906345,5.4580527036276525,5.462934917940012,5.439568014705882,5.434990708478514,5.415895381715363,5.432359246171967,5.414790985520784,5.4324913053559,5.420321312991216,5.394386211748152,5.351409403942056,5.333185778196373,5.342906191806331,5.358552571688667,5.364209981600736,5.355216934919524,5.391143657369588,5.431824142372088,5.457792855485967,5.454213032872576,5.421588677065281,5.393935603428307,5.3898410119531155,5.3919072646577915,5.412259306803594,5.390311252055438,5.416473019246665,5.401847851608359,5.401647208415212,5.389464203233256,5.401654467294064,5.4011417831551745,5.387204388934282,5.377383747697974,5.414417261297996,5.41452804377565,5.414155539939095,5.428620730410118,5.444234717685487,5.453700114025086,5.431826205023761,5.433688007213706,5.421766521838555
Softwar-An-Intimate-Portrait-of-Larry-Ellison-and-Oracle-by-Symonds_-Matthew.txt,5.425524452312459,5.420665479634987,5.428378888888888,5.427905683461239,5.436153591160221,5.439781869998903,5.446504232689386,5.436723279965383,5.452695945211436,5.450144314236111,5.472949223024732,5.465069352708058,5.456013431685567,5.434625753424658,5.410127430517412,5.404952297401031,5.4175486764384155,5.432124849939976,5.445385882094632,5.460814985211962,5.446446317171939,5.443745080891998,5.431478650212951,5.406583197831978,5.394791644233875,5.394335123523094,5.383393640937801,5.390330384738356,5.417150319829425,5.421304440649018,5.429412453432677,5.445661386986301,5.457776585470545,5.449049886375933,5.449622764227643,5.447490187527257,5.431125762859634,5.416344917747031,5.4101481642880485,5.405562445604874,5.390076889755252,5.397259411956168,5.410002185314686,5.4213691771876364,5.431278878791198,5.432377614719088,5.4430824607329855,5.445899522569444,5.44233154963416,5.444786072909845,5.436567903954181,5.410814691151921,5.3903575818527205,5.394232604594385,5.388762497222839,5.4121585756939075,5.41188819603982,5.420401271790373,5.4191084126463185,5.423825415806066,5.420266940451745,5.438695417207091,5.455744176013805,5.485809893307469,5.486912144702843,5.4862944217101015,5.460286672436175,5.444435160065112,5.432075021682568,5.462522990371092,5.4822484632804915,5.49940378245539,5.49782181390877,5.49002793896411,5.470684431073385,5.4623170600280195,5.472174339951997,5.473593681439228,5.482912632042253,5.461176144551602,5.425254237288136,5.396796041781198,5.388498524751394,5.382465633864282,5.396110385369041,5.41365163667895,5.4201517121803215,5.435011979960793,5.435298783137767,5.423351197637537,5.388546575644131,5.374906391935306,5.3658,5.365391916033944,5.381951219512195,5.400102040816327,5.418900517792221,5.412466755319149,5.419984540636043,5.421151239026559
Steve-Jobs-The-Authorized-Biography-by-Isaacson_-Walter.txt,5.519682112068966,5.520811191844702,5.510800303227203,5.510103609990185,5.50260491243529,5.490156422119409,5.4864951627088825,5.491439183945005,5.4881608437706,5.488190757128811,5.4821421531048085,5.49181698630137,5.487868458428931,5.484529044962257,5.478596124201718,5.470139991181658,5.466902107935107,5.464367612945985,5.4583967691967255,5.476897159216031,5.480051996902312,5.4579667180956575,5.45815416712419,5.460488717666483,5.453809156944751,5.448683285745662,5.461686136213357,5.4662457149176165,5.4541036337688,5.454524252709954,5.449238199780463,5.445804195804196,5.427362277735355,5.425988836598447,5.406116717858709,5.4125968780700795,5.423629613452719,5.432017668229905,5.442834585647391,5.4526031124170204,5.462773946360153,5.476392884594268,5.48888037649119,5.498718257443082,5.51418597027972,5.529282540370652,5.519530252191795,5.508772953121626,5.503109352985802,5.500983588740355,5.489313276651407,5.490548720740338,5.474060373216246,5.470073280104999,5.449167938931298,5.4486017872711425,5.445838860497989,5.446957085720462,5.461289765987275,5.477275069787417,5.470536080250242,5.471444000432012,5.480701659840483,5.476128648648649,5.477363754325259,5.489668282175553,5.492945493793847,5.499599265500109,5.502597150259067,5.4966956895625065,5.498286266509181,5.509328398240532,5.511764327798607,5.514395556993422,5.5119602519548225,5.5044412951052,5.499886438086919,5.483522901599825,5.448614142295941,5.440649195302306,5.421453696667029,5.423794821796122,5.430877932749487,5.434284324324324,5.438733727810652,5.443946942736979,5.4521050931409505,5.468605645851156,5.490107100781836,5.481537222043183,5.47319897084048,5.465015040825096,5.467825665337787,5.479947368421052,5.50617192530586,5.507282282282282,5.484698833850433,5.478638693145419,5.4708855732073856,5.463521277736091
Swimming-Across-A-Memoir-by-Andrew-S.-Grove.txt,5.50675753998068,5.52415860529393,5.514280716633095,5.516763928533672,5.515494876940953,5.509709991532599,5.502046876657122,5.493351374296933,5.496411970709965,5.495627985985774,5.493312446898895,5.487761384141812,5.484983519404572,5.474988807163416,5.472328884143087,5.46433468603161,5.467075673364685,5.460099231754161,5.466428419258628,5.473485286249331,5.472011364854723,5.4760778635778635,5.491707631211764,5.494711693331902,5.497124035989718,5.506715922475639,5.501841286863272,5.495885136588514,5.494051640667026,5.495100107642627,5.477345639032816,5.480177362141244,5.481122197189143,5.488871002361022,5.489889532389533,5.491300472508591,5.482796646603612,5.469896729776249,5.475711360206942,5.482625499298283,5.488182309688582,5.492007555315705,5.505463451394122,5.503645351961311,5.508213862239948,5.501982981473502,5.4894189799870885,5.486754895631591,5.489600774776714,5.500962716235093,5.493463603178012,5.490633479329132,5.479223218096458,5.47605316536778,5.4674978586723775,5.464187896377513,5.459585925767003,5.454998927958834,5.461710300429186,5.4594653784219,5.460887885628292,5.459307634327555,5.475270110621845,5.49099903423114,5.496016748980029,5.504649414796521,5.500188030514666,5.492227116458961,5.4952077950043074,5.489507596164206,5.479663042308107,5.470316844487552,5.469525917926566,5.464305135951663,5.460339056257423,5.444531604538088,5.4479751887810135,5.438489425981873,5.444373184117077,5.463448535745048,5.469984936518183,5.47189197895415,5.478431498766228,5.485190987124463,5.490212834224599,5.487600213789418,5.484375401069519,5.48910676080445,5.492214829917374,5.498981720430107,5.502533849129593,5.49703588644885,5.492181857036008,5.497077103801794,5.49628830752803,5.501301705756929,5.502169881700949,5.507359034600598,5.507741763514234,5.513867833884915
The Autobiography of Christian Dior by Christian Dior.txt,5.496648063399933,5.501387677513139,5.50157516560009,5.49945254655598,5.501101277167824,5.50072020609319,5.494200785193494,5.503409397482014,5.505760296263046,5.512384520747121,5.512676840815416,5.51583444741533,5.52263075895838,5.517988659106071,5.512569490771626,5.517281381447863,5.52217602830606,5.522022930217175,5.526116898782761,5.531661558669001,5.530369600874796,5.52709144607307,5.526987912446913,5.520928586980188,5.512359465042948,5.516153512105092,5.51121998913634,5.507052311699588,5.498547915538711,5.4923246232245475,5.490810137550093,5.488036450423085,5.477555073250136,5.465322615685423,5.458049575994782,5.4459562425165995,5.4453407480100315,5.443522727272727,5.440589912280702,5.437885883905014,5.425728112626485,5.421423534596739,5.418873580954481,5.412669458833903,5.409909711517288,5.413761134938964,5.417175488688777,5.418345426561126,5.420781852218918,5.429055126791621,5.432451933701658,5.434710241097101,5.437975033141847,5.443107692307693,5.445958799035722,5.444141778798818,5.451608643457384,5.4497115699770555,5.4468273224043715,5.448477096315731,5.45896801051709,5.468881456300033,5.474771306350773,5.477482479194043,5.478381369863013,5.472281452232094,5.473007337641004,5.473186344238975,5.458372245971719,5.455086870464042,5.459696369636965,5.462068661971831,5.469026753275349,5.472515195049176,5.480103901845917,5.486013669937163,5.477366332267667,5.473916538207443,5.471216424482607,5.484149510073764,5.492503305420891,5.497307523097228,5.5048733759083905,5.514113945014905,5.524752792832651,5.524584629053754,5.518276283618581,5.518899810119514,5.529089488953359,5.531989487810334,5.526380739081748,5.515868102288021,5.516340396905483,5.51874578935549,5.5143597835888185,5.509978531073446,5.507126384806693,5.507384371819518,5.5097360969532225,5.502376595504349
The Autobiography Of Sir Henry Morton Stanley.txt,5.405098524940886,5.398661045531198,5.403672641190396,5.4448109196688295,5.444996105485702,5.456755550596898,5.4527170616646075,5.477343662288089,5.467446880650995,5.46597354138399,5.45014229249012,5.449882499152638,5.4432108535895996,5.455767160161507,5.466641648930212,5.492089685100701,5.47543376969159,5.469382893862176,5.447139212423738,5.452120744739451,5.464589622121847,5.481813897413415,5.4933735725938,5.488599738675958,5.465103357760035,5.436730323435257,5.41998320268757,5.387637467671203,5.377706359945873,5.384501136363637,5.3722088672185055,5.394403171007927,5.3966262163709215,5.39011729871313,5.376094841180446,5.366541404140414,5.350779888268157,5.3369949860724235,5.351158969804619,5.358033277870216,5.405040017785683,5.442220992028344,5.445491939966649,5.467741756411679,5.465810043425009,5.437620160213619,5.42526009620763,5.443882273646371,5.426070183331459,5.4102449390448495,5.425323410922113,5.403530202846577,5.391820121266562,5.39425025386438,5.381936360548069,5.394889668439516,5.409973987785569,5.423782902137233,5.4252913989403675,5.432056681083542,5.407675448557802,5.411704056197598,5.397503692762187,5.388029229904441,5.386793790077623,5.383774415716382,5.383219556156359,5.3948569175304195,5.394749292586304,5.39504676056338,5.390899607403252,5.383099270891756,5.383239389175836,5.38600987432675,5.387919282511211,5.390350286291681,5.4037388293118855,5.414023873270862,5.430373051224945,5.4553776200510145,5.462249199867564,5.462888181718425,5.457117274514086,5.45578832276405,5.447608505041649,5.4437028897923305,5.445523957065397,5.456837502767323,5.4542970998450295,5.442483191888019,5.428396828892315,5.419705135284373,5.4010353200883,5.386220116778672,5.420207025657968,5.424659628285494,5.4365964681364485,5.454851288830139,5.4680680181677195,5.459091417076442
The HP Way How Bill Hewlett and I Built Our Company.txt,5.52639488235932,5.521511766619673,5.520911159263272,5.516101658177088,5.518480355016776,5.51533744321869,5.51000649420933,5.5061274615884,5.501226364127498,5.501858053365021,5.499465558194776,5.495024821929635,5.497567801188547,5.498001944054433,5.503726104330921,5.500874205023176,5.50152759810263,5.504816330927502,5.501620250431779,5.5013244176013805,5.49955879180151,5.500001078050883,5.501842133562749,5.501396372222818,5.5074917067950775,5.510399401964972,5.5065696,5.507094781682641,5.505403706859822,5.504756889030748,5.504782608695653,5.503842558164241,5.510444491705657,5.509340706082518,5.510077585290679,5.509588328912467,5.51568881341541,5.5213695145219415,5.522030769230769,5.519558745348219,5.521015341998721,5.523209863364646,5.525757123039163,5.526592679543272,5.524236510983152,5.519267512527988,5.52231523941559,5.523514004703871,5.5223939134162014,5.524273778920308,5.521190272123419,5.5231100887985445,5.52025470890411,5.5195562446535495,5.519714316285042,5.516442019683354,5.517152792638561,5.517088011977329,5.5220638320659745,5.522706638115632,5.518610397946084,5.519402889245587,5.515437111634883,5.513997218953899,5.512761568878914,5.509941144997325,5.50824348944379,5.506626686656672,5.505392608462774,5.503485610356265,5.505345159222056,5.501451406649616,5.502021072796935,5.501018823779645,5.495405520169851,5.496234594135147,5.492959422137242,5.4899512401950386,5.488928344958782,5.487295159759569,5.488484401349073,5.4889272918861955,5.485563165103782,5.488028688956861,5.484212860310421,5.481577000317093,5.4804781045060285,5.479056084656085,5.478775402201524,5.473889359001481,5.470314385519213,5.4717063870352725,5.47234633319203,5.467879334110911,5.4615259809119845,5.457891668433327,5.453842813261307,5.454616770910633,5.452971568003395,5.452100572883514
The Magna Man My Road to Economic Freedom by Stronach- Frank.txt,5.512467724867726,5.508129032258065,5.494153537062493,5.501098994176814,5.504598834128246,5.50350292087095,5.510644442085147,5.5145058448459086,5.51894904797362,5.521679795614222,5.522459733333333,5.5273900042716795,5.534325596320461,5.539363295880149,5.539677281012114,5.542056494757116,5.534710168220293,5.535993998499625,5.539735796369885,5.54146632291331,5.538443537999142,5.546348507622933,5.547545827043347,5.543141993957703,5.5369117964201,5.532991148531952,5.528930729391455,5.524119483315394,5.520116066630844,5.504826586492,5.499662125925132,5.489097728246892,5.486830963327275,5.477973464583778,5.468285897025903,5.468246117847266,5.464401959740122,5.45744887089902,5.45523581899299,5.456437294255071,5.457381763953984,5.458159863218636,5.455053407391584,5.453111633875107,5.449825705731395,5.44832869379015,5.4486745308310995,5.448685652874799,5.449613235926084,5.457434824589637,5.462954081083988,5.465979769719143,5.475147470398278,5.484266967839088,5.476067053513862,5.46634804972139,5.4550261612386555,5.44741173968524,5.454316102956818,5.441940806983925,5.446852088661552,5.45343710021322,5.460282094954226,5.465897271952259,5.466925618073317,5.465262373602981,5.471178347335957,5.474783163265306,5.46675942644716,5.4541556784347085,5.463677391950727,5.47125079634742,5.483856854624616,5.487239328944574,5.485005302226936,5.486377134372679,5.4823084270855444,5.486665603741496,5.4896408839779,5.48046731956568,5.472666737694438,5.475326005762459,5.473463919726729,5.4665350454788655,5.4606628889126485,5.477713004484304,5.477773504273504,5.483890199442419,5.476356223175966,5.475485363753767,5.48146136437116,5.486815437688659,5.486367848292209,5.486041285883238,5.483731103248634,5.484617769699561,5.485360230547552,5.489855041568962,5.4869813333333335,5.497214757944125
The Power of Goal ZERO_ Results Focused Leadership for Achieving Superior Perfor.txt,5.463859838274933,5.449114101184069,5.442366863905325,5.441654443485764,5.437292434424451,5.438673191952147,5.4490001086838395,5.4505154189822385,5.453677609335806,5.454956331877729,5.454377870107151,5.471142015706806,5.490240898190539,5.508608488006078,5.519407688142935,5.504965397923875,5.506969270720623,5.5092042009527935,5.511735930735931,5.516020045263498,5.519115595148653,5.524650021340163,5.5237578532637635,5.525784896054306,5.529251512899458,5.545616467351042,5.544289646411181,5.537874841168996,5.5492377822537895,5.548392173543173,5.5368287234042555,5.536282377919321,5.541959495281518,5.543644731273805,5.534151082937138,5.544118949699462,5.547461489765774,5.555242216358839,5.557208812058606,5.563650726774805,5.554359999999999,5.53587790270043,5.540341028331585,5.537599329070133,5.528888656341566,5.544813304047694,5.553266074228961,5.550786634544883,5.542902820002096,5.53737383275627,5.529811043460004,5.5160039886637975,5.499027588377216,5.4846004001263555,5.4716069169126955,5.462893652972858,5.464685388513513,5.461461327134405,5.449224502750741,5.44928722280887,5.447991972113658,5.43525826555403,5.434223372781065,5.443053677092139,5.448592310136638,5.458366780529461,5.463069168900804,5.459158757549612,5.4619707634001085,5.468702761234434,5.473352820179712,5.462845201910552,5.455789530842746,5.45653595481208,5.468470421614555,5.465305051388585,5.46006467879851,5.463098901098902,5.457857692730673,5.46245154185022,5.455883578162684,5.444132925897632,5.43556621253406,5.440361917182915,5.43956592689295,5.441807097757457,5.441608330607349,5.45096841184829,5.466776913810097,5.47508043190833,5.473572295136209,5.477294584757913,5.488307303123626,5.489482456140351,5.499108824173418,5.501338660245184,5.5128652668416445,5.534651340996168,5.556566593886462,5.571996947896229
The-Ride-of-a-Lifetime-Lessons-Learned-from-15-Years-as-CEO-of-the-Walt-Disney-Company-by-Robert-Ige.txt,5.474279944733765,5.466716354344122,5.471778794975517,5.467682239012451,5.462629167998295,5.459991447509086,5.459250320375908,5.459519292261778,5.45628949615713,5.464129135538954,5.464872642012149,5.470506652474721,5.469044281618349,5.466998410174881,5.463259055866511,5.459456922914689,5.464360838866056,5.473698442760942,5.475220449296661,5.475991605456453,5.474739878330187,5.473770095618367,5.471230915025798,5.464016661394074,5.460800760616945,5.452222339415674,5.456601685985247,5.463717935184208,5.467596407818278,5.465103120042306,5.459326556543838,5.4567125317527525,5.467467387846008,5.4672528406074115,5.471429633563463,5.466420538934861,5.461419779286928,5.4561860267572735,5.46372715682108,5.4582001064395955,5.444520110661843,5.44107832731904,5.441979673936057,5.446906855992371,5.444157649055803,5.435577921389978,5.42208029582673,5.422474465620722,5.419089090143219,5.4139709901198225,5.4236832161225985,5.4267298627841205,5.4298919995805806,5.435448913157618,5.438117053693391,5.440994090333474,5.432574780678575,5.435232410733151,5.436161819143311,5.447936676583085,5.445995530488454,5.45026178567628,5.46315537084399,5.462665672277861,5.450997336174747,5.449538954108858,5.446561497326203,5.453989947599187,5.4572258548611865,5.458685025082719,5.459506238669083,5.46283187726401,5.457744920753112,5.45467069678651,5.456512940675258,5.462996166950595,5.467317592001702,5.472618819776714,5.479576505639497,5.4808243386243385,5.479379623758191,5.47301414695946,5.4697150997151,5.473941636709664,5.4709644026618784,5.480015862944163,5.4867365079365085,5.485025923182732,5.480927704485488,5.482868748681157,5.479006237445819,5.477194747431961,5.470699278438031,5.475241892610315,5.477216308281882,5.483341148886284,5.485226060993815,5.490857905982906,5.4880712989646705,5.492289220917823
Vaxxers The Inside Story of the Oxford AstraZeneca Vaccine and the Race Against the Virus.txt,5.420920852359209,5.400251963350785,5.384778400967778,5.377643474407269,5.367994875793696,5.351440223463687,5.348160674157303,5.343164471462344,5.344858687084788,5.351978687605159,5.338533902110463,5.337528329406485,5.341634529147982,5.353227932960894,5.369261287438534,5.3791342423234685,5.385725317153889,5.395466945330547,5.4042825752581845,5.4039035854831665,5.407743028977585,5.408498416511958,5.3998341516639385,5.417870279682228,5.424064846045044,5.432276572668113,5.426591972152726,5.425500489077274,5.427384816468794,5.423793366790313,5.422601439790576,5.420050262237762,5.422200087565674,5.424620591767661,5.42371887287025,5.427049896276887,5.427834680061148,5.423512184460715,5.422238397548161,5.419992326244245,5.414418757532596,5.416005920403465,5.420766531417919,5.423362997143485,5.433225169918877,5.429140735888198,5.4279337849650355,5.425768306010929,5.428249150871042,5.419039177062816,5.413607830271216,5.402811679790026,5.406812540822992,5.406133711418912,5.400172319773149,5.404020439225919,5.394668547249648,5.382086221837088,5.38300542888165,5.385255046668115,5.3895702533015815,5.386261763115198,5.387189400521287,5.389004883342378,5.393954067814971,5.38822164105917,5.383491614027445,5.379282218597064,5.375945298027678,5.374086538461539,5.372420626231662,5.373912853076417,5.3727685408007,5.3726759330195915,5.373066754069704,5.379689846555664,5.391288290245493,5.395945095486111,5.399814834867353,5.4018478025546655,5.408230886185926,5.394622168989547,5.393174120712114,5.4016023417172585,5.396630481980027,5.390747176368375,5.387427579472713,5.387022130614016,5.386465404699739,5.380953940187732,5.379383457005675,5.37210095050803,5.382729357798165,5.3818855585831065,5.386420250408275,5.392713567839196,5.38573261680193,5.387720894540671,5.39127993847506,5.404622402989998
Verizon-Untethered-An-Insider’s-Story-of-Innovation-and-Disruption-by-Ivan-Seidenberg.txt,5.448966973470492,5.43720887245841,5.432007398542052,5.431600955794505,5.436101879005105,5.434762835124281,5.440429082240763,5.447526800216567,5.447029660099589,5.4623232651293705,5.460123966942149,5.456375598086124,5.459212213408671,5.4550136002611245,5.457396721311476,5.465612648221344,5.463068719076416,5.453512383048982,5.450321373541713,5.438077684859155,5.434946094609461,5.4340008802816895,5.439962526176568,5.4434399117971335,5.4471176340763625,5.4428744493392065,5.442927660510114,5.438937335670465,5.442785308264101,5.442795840175151,5.45028306010929,5.457667030567685,5.457194909723732,5.44563090968373,5.436653975851192,5.432408394041535,5.420757674016429,5.410532959326789,5.39742850999785,5.386283958602847,5.379445822102426,5.377580645161291,5.3722719948437,5.3637630138456585,5.363240115718419,5.366027294218783,5.37414026420363,5.387712502689907,5.397614530559448,5.41464878258996,5.419418154441815,5.428097791121596,5.441813788659794,5.446911891426109,5.456390928725702,5.464964792546852,5.468444589167481,5.462602354974614,5.454825719852783,5.449945887445887,5.449864204236828,5.451008714596951,5.457811782708493,5.4588918032786875,5.444807481951433,5.436568487901019,5.418377665420972,5.407724175824176,5.415005510249063,5.422007061679356,5.424929810987067,5.427282464664311,5.435597754293263,5.434930166061806,5.430364554738114,5.4303380312706455,5.447322093277863,5.448027091981648,5.460109015589229,5.458105411560569,5.453681759098787,5.456167820069204,5.457702044790652,5.4578170995671,5.452395358924311,5.456560668547862,5.461825095057034,5.465135398613518,5.469233195562323,5.473817725934809,5.474765795206972,5.481719585379159,5.48388514248423,5.481331737569361,5.484950581079613,5.489188572669998,5.49772411547645,5.500982734281681,5.50334058996408,5.5019063180827885
