三菱：巨人军团-by-白洁，薛佳-_z-lib.org_.txt,5.203449474976135,5.188125,5.168143860016764,5.173520246478874,5.177547913719943,5.175969340297653,5.161135401721665,5.156865760869565,5.154486063341932,5.166877415891195,5.159136686772943,5.16203270192995,5.164580965909091,5.173830866807611,5.1780565667880145,5.1751000419756545,5.173027664653842,5.170425858698687,5.165736347044785,5.1616182048040455,5.160185316169189,5.166495333611923,5.16264378994165,5.150921345191773,5.143393582737845,5.140150187734669,5.136922433035715,5.1387249343106065,5.147030537515545,5.158614916286149,5.162829065743945,5.161495098039215,5.166936715766504,5.176677676851087,5.19934015769816,5.21225824405176,5.218202450570872,5.212851784970135,5.20563868107509,5.207189705271897,5.20590067224585,5.207920021837041,5.214429711811662,5.2182044420658285,5.222142096860031,5.219105277079751,5.204955198313348,5.207279772155253,5.214365185881089,5.220963167092351,5.233976675205609,5.234968294657312,5.221124729144096,5.228647785927736,5.233396239363162,5.234698454319624,5.227923911531506,5.2310808179162605,5.240658765159868,5.249640179910045,5.253928379106085,5.252141897339425,5.245802666666666,5.25730605738576,5.253289967811159,5.244798909338788,5.2413988919667585,5.239487393787435,5.245401723658604,5.249250805209354,5.226454609429979,5.202999004125764,5.184932451649602,5.187747252747252,5.179676012015449,5.186942225392296,5.191436051382296,5.198623672023971,5.198533682936668,5.1974278718898885,5.1922545931758535,5.192899844720496,5.21054298642534,5.225510531723607,5.238858277806252,5.237099506890884,5.242081493629367,5.2344354327715115,5.233135841836734,5.225692552514322,5.221465231788079,5.217790578597031,5.219952288845906,5.213846503178928,5.209430815160956,5.197703004066641,5.202631025876791,5.204419495443139,5.198983745209462,5.201901426888336
丰田传.txt,5.191428338974226,5.191985845398139,5.194732477087904,5.186910166860691,5.184202544031311,5.18657869107908,5.188412693257113,5.177383316142341,5.168067935129613,5.160604787369493,5.152456073338426,5.148052826336608,5.130823468862583,5.114388535857865,5.118140015499871,5.114132209980557,5.114160593440915,5.112873533246415,5.117309305373525,5.116639957966635,5.12041661207913,5.1221175238843095,5.125965982861595,5.148700193423598,5.152194304857621,5.147950230887634,5.144635990771597,5.143916146297948,5.140183790682833,5.134755816926617,5.13597118600463,5.133318391393442,5.127968950474724,5.121576373697079,5.123045962087769,5.127748006796497,5.137176162409955,5.140333027402648,5.136936203728012,5.147547491156819,5.150292161210382,5.154124411918453,5.164009366462859,5.165141710883914,5.159201077199281,5.163647814910026,5.165913021034973,5.1614535856830175,5.167719264153388,5.1676575931232085,5.161284604335335,5.154569986979166,5.149978730366492,5.1537159061106745,5.159805088088351,5.161622680005266,5.157824208443271,5.15274367633426,5.147153881518455,5.150813215773034,5.1626709575576095,5.171019057057447,5.182177552942704,5.184552427787218,5.184360707714548,5.179602696078431,5.178991818357862,5.184411807252154,5.182653643476012,5.174367994917243,5.17000586548488,5.1657425742574254,5.1588429967426706,5.155775884327395,5.155048339905864,5.161920294453611,5.16578947368421,5.165735613117263,5.168982964658022,5.174262378118272,5.17977952356817,5.180649929909519,5.187567118384045,5.189449141685882,5.183985535074244,5.184888632872504,5.180281635802468,5.1748275416612834,5.17704172587521,5.178093826524037,5.1749394485957225,5.175809633615168,5.177424990505127,5.170902494908351,5.164009729868134,5.166520460358057,5.168436151307438,5.173680695564516,5.175069269521411,5.171097606816188
九败一胜.txt,5.235110298959569,5.2304010959989435,5.225934576360521,5.221155793765619,5.223661772451936,5.230469875573019,5.22832372214941,5.225993182116166,5.221933763497498,5.231541316342617,5.234989100277448,5.24317938376091,5.247249802215189,5.249127747252748,5.249421233320378,5.251647146369871,5.25249059906639,5.253308297567954,5.259812042153964,5.258610717049264,5.252947950553025,5.251984891898932,5.255175097276265,5.252448208469055,5.261176546725343,5.261892487046633,5.257442491599896,5.256268425135763,5.256819705958216,5.257671741077139,5.261850998463902,5.262397802759326,5.260193498452013,5.259936610608021,5.267144516129032,5.264534386737469,5.259458702449192,5.247464005235602,5.240702642303142,5.2319882461701,5.233294824399261,5.228352498017446,5.226093206739771,5.223092665135755,5.22382021718729,5.223776489404238,5.2280503103129545,5.229854628422425,5.22064615086541,5.2241833525863175,5.229134150991357,5.240235570890841,5.242776914470412,5.248865621156211,5.248187546102779,5.246922485861814,5.248526665853063,5.246568753050268,5.242576951264199,5.24290386977887,5.239066473274903,5.240191469489415,5.241809260191244,5.246130899937067,5.250417883907023,5.252757649468697,5.255500257201645,5.254343512433965,5.260313664995501,5.27064038139415,5.273136398664269,5.276634246224725,5.280852404217023,5.2763307692307695,5.27502947962061,5.2719127086007695,5.2778383915994365,5.276118827160493,5.271245515120451,5.262702564102565,5.256842512575777,5.245652736447147,5.242331272539927,5.2306818764419365,5.227210796915168,5.2277449475569195,5.231087834427057,5.232219691217414,5.234472151898735,5.231635101010101,5.231109298531811,5.2376851735806484,5.236109104496202,5.245928210188726,5.2505437453919885,5.253003799950968,5.246017606500862,5.243489692630539,5.238577395577396,5.233334156886967
任正非传 by 孙力科.txt,5.192608652575958,5.200869422140319,5.195500394529196,5.201613136764512,5.195637358291589,5.186217327849278,5.188834771068347,5.187107459917849,5.185472451424008,5.176350180024003,5.178128997867804,5.1903939837614805,5.199384308510638,5.205193706201244,5.203972042727153,5.211604131258988,5.216786689197973,5.215571168358054,5.223055736001038,5.221327088212334,5.215434217368695,5.222631715883959,5.2228156351791535,5.212211513244164,5.204667237743806,5.20202505634363,5.197479647671159,5.192489261744966,5.177281692056583,5.176639818256918,5.178499243778358,5.174229023383769,5.173874090347384,5.17843565848979,5.1717147369866785,5.175283469945355,5.186828920570264,5.196882376882376,5.192111859838275,5.199500672947511,5.20241300856531,5.215204590818363,5.219847416293171,5.227658223684211,5.228354027066088,5.237636788109956,5.2439977003942175,5.246923102266736,5.235854199788023,5.230430645802944,5.216049966909331,5.215365651886168,5.206095159151194,5.202651585820896,5.2000063400961025,5.196869733850474,5.194022275576898,5.192490368008503,5.195761690290104,5.1923406651649655,5.1965080730545266,5.206169736842106,5.214828309305373,5.222449246889326,5.220172391104092,5.21976056522308,5.223953761755485,5.221121325909621,5.226035579794831,5.225593681211963,5.225114860480207,5.223209296252774,5.222661636529206,5.224840788964807,5.225747126436781,5.220955446819469,5.221117768328824,5.228673874104402,5.2341663479923515,5.2333922686945495,5.236420360199259,5.232981727574751,5.232527902501604,5.230165571446978,5.2343395622680156,5.232956616608908,5.230957886577961,5.229798350727998,5.23373108265425,5.2319654498044335,5.229998045347929,5.23352615103691,5.238006565988181,5.236398946675445,5.235196414447667,5.224927498022674,5.222706053013319,5.2207801137114895,5.218330902823809,5.2189463525026625
传奇许家印  最帅的地产大亨.txt,5.208462354188759,5.2094881266490765,5.211756508019985,5.213387622149837,5.209796211626387,5.213568734555858,5.215365980049229,5.217430645579465,5.217286322031713,5.218887311217245,5.2157919896640825,5.212617414930781,5.210734075608493,5.207666623359749,5.206518055012384,5.206330671553869,5.200690469939617,5.195966916108703,5.198164556962025,5.198708184582838,5.20154802857899,5.2058357771261,5.212812204671257,5.216758658008658,5.222574338085539,5.230939496940856,5.234218560043225,5.23342023921516,5.2361734556244945,5.2439771801141,5.245565134099617,5.238834473324214,5.239126160567996,5.24569208652793,5.24402147155361,5.252337061585198,5.252223678763627,5.251731778023191,5.251506423539163,5.247954671472137,5.244506565307534,5.241524441340783,5.248610367657416,5.254159473609735,5.253362007678089,5.2486801705756925,5.252460677341646,5.269540693559802,5.272920096508657,5.267204240282686,5.271587704455724,5.265515449438203,5.260494882938455,5.253248088950659,5.254416103681235,5.260504398020891,5.2548256931100745,5.250984096778578,5.246622937516905,5.242865433931705,5.250111334674715,5.2565935101656125,5.256549805603968,5.25508795669824,5.255245779878461,5.251889566395664,5.247105727470141,5.250666986564299,5.2629874862486234,5.2742866013522836,5.283884956980295,5.294963030133928,5.320591091993895,5.327530261348005,5.331347546808802,5.340036585365854,5.3431182939914175,5.346539070749736,5.346700929684432,5.356877979641798,5.365715837913843,5.375900986342944,5.371031914893617,5.37018513962357,5.364502314814815,5.362857748697443,5.3544754531268755,5.345136892742605,5.33818524453941,5.34125163166014,5.343466933269666,5.343455979369078,5.3321913246940245,5.330390398550724,5.32841675767504,5.317035937308681,5.308465610084445,5.3026062852242095,5.309281471956894,5.309115003668379
创业之神：三星创始人李秉喆传.txt,5.19610703114375,5.195681818181819,5.195623812109693,5.196257113821138,5.19333164983165,5.190969134975897,5.191645353508302,5.191958053691275,5.18802734112589,5.1864571294180895,5.183371039205156,5.184021987627757,5.183169774617655,5.18639185937709,5.188950053347559,5.183004336224149,5.175449839700774,5.165565208640817,5.163155997304583,5.163068151055766,5.159271597392013,5.157811309199783,5.151932498639085,5.14481723949809,5.147772162272913,5.143431345733041,5.139833651486229,5.131820533769063,5.123658369803063,5.119070693205215,5.1116400817995915,5.11051897092944,5.106677505476451,5.100293734576365,5.089316967953985,5.0913558336752835,5.089924232128295,5.089255988631749,5.092790878378378,5.095335735452586,5.098859216745443,5.1027335090565025,5.099592700433369,5.100239015459724,5.106434415145369,5.112420083625573,5.113362870619946,5.111878871532453,5.109848659263272,5.106805836366087,5.112671251348436,5.114337918015103,5.104016459794927,5.10750808625337,5.102954974386627,5.105033584094573,5.111807180314642,5.118039768910386,5.1214241360691135,5.1179883579260865,5.12162640032393,5.125977245022348,5.128723721687238,5.131693537461048,5.138233614359531,5.142689316414246,5.142965639487318,5.13804962610469,5.135323672806067,5.136814303128809,5.1419948432623155,5.145554686437219,5.145644379183171,5.143278842220101,5.146695843570844,5.145769796225383,5.145946319018405,5.154165696878423,5.157632609287757,5.165297854223434,5.176388983396842,5.181426314716674,5.190441765025098,5.193152151709111,5.18985235013624,5.189142036961544,5.190936567670192,5.194885639739765,5.194633935824533,5.190091434559221,5.190957414422947,5.188589704486919,5.178877595738942,5.1738493744955605,5.168846684153888,5.164953263200213,5.1579778082742,5.158036120021385,5.151877319109462,5.155587955677944
创华为——任正非传_华牧.txt,5.188750000000001,5.183738846717272,5.1868443708609275,5.1861108154849,5.192083002907745,5.190750165672631,5.187823653364941,5.188496503496504,5.18999801744647,5.189488215042373,5.184010989010989,5.182379814077025,5.187193591455274,5.18698997995992,5.190307319045694,5.191047928513404,5.190451189499591,5.190124481327802,5.19722462052639,5.18248312236287,5.1761674661399555,5.178832305968059,5.1767645417770956,5.171081193615545,5.172934527911785,5.176267033723331,5.179145725211691,5.177724864130433,5.184012803234501,5.192727211706269,5.205404175588865,5.220740048089768,5.225908729105863,5.227593360995851,5.221273983630753,5.221948529411765,5.213118214716525,5.207790650950979,5.205291661053483,5.2034907958852195,5.20394469296462,5.1908428493746595,5.191240504612045,5.185999591169256,5.180379634678299,5.192780960174577,5.20459426396629,5.210842635447863,5.216269345642139,5.222842391304347,5.224983237226766,5.2339022435897435,5.240933790556582,5.24027716330514,5.243574117341641,5.247183346364348,5.247590040306852,5.246299726098865,5.240013007284079,5.243955567240699,5.239531807961909,5.2318389752973475,5.230022178734507,5.222731086928018,5.22285864978903,5.225676597978738,5.224488504262464,5.222275809133938,5.219799845041322,5.225426118159683,5.228977099236642,5.233134840020314,5.230470325462667,5.228930041152264,5.232638330957626,5.228567335243552,5.220531385139562,5.218153349156119,5.226967788971368,5.224822523815738,5.224429368995065,5.227658268733849,5.2287432362793105,5.223637411915439,5.227963548917859,5.227601123595505,5.227802132334736,5.226396028758331,5.232329657924038,5.231551843105986,5.2305085944299385,5.228087241529646,5.227664164368105,5.2248445821709355,5.225886935708851,5.228820681211041,5.227654597627031,5.223148606557376,5.2250382280748315,5.235187616171004
商儒张瑞敏-林赛.txt,5.218445575043513,5.214124613107253,5.2088981121970805,5.200484516817939,5.2005720762768375,5.1881216790648255,5.173734008528785,5.1677130776401645,5.1691778234358425,5.168386432029308,5.179813857628893,5.182333663366336,5.189190247433535,5.188493381866313,5.19033791826478,5.19788955026455,5.202698567708334,5.1977080611445,5.196634539989545,5.190764778969395,5.194561420851456,5.204470615364342,5.210063892529489,5.209243744268309,5.212512801995798,5.211354815207312,5.2139862282551395,5.217688945846478,5.224848754448399,5.22879272799261,5.231912698412698,5.237958860759494,5.237711049650994,5.2471157619359055,5.243687238493724,5.240912162162162,5.2345645182040395,5.24169334021683,5.243132911392404,5.247915698424993,5.250445487271792,5.2511441278844915,5.247040803274494,5.244494360420405,5.247541014879816,5.249315286624204,5.240334270740125,5.230863688285316,5.227050572399044,5.231922784328642,5.23863844103085,5.247688158395736,5.246446632782719,5.248514870360956,5.250871658431522,5.251729161388395,5.2514805360561585,5.254884285896944,5.254273771537971,5.253146435452793,5.253368698559671,5.256208777107661,5.267979311231046,5.276867321867321,5.283891546018614,5.285377504848093,5.283435854629511,5.281304653541294,5.279775216505349,5.276561307555329,5.275625079405412,5.274370881905727,5.27223296675515,5.274393384673653,5.274057916509966,5.2692351026539805,5.268616635397124,5.269494936867108,5.270497862710586,5.271086929173482,5.273703002775674,5.2737108190091,5.273728298061081,5.269495112841704,5.2698771807898765,5.2683451668160854,5.266978257731298,5.259581991903609,5.260437913538619,5.260489149415799,5.2623029476329855,5.262282613897397,5.266442421009046,5.25655417627097,5.248663130332356,5.245008469589006,5.236891489192626,5.231518846917853,5.230867648951229,5.230306911088401
地产狂人许家印.txt,5.193964732205043,5.194684052025141,5.189910801734993,5.181188385269122,5.1791252119841715,5.177785643494265,5.176911989973541,5.169162278270511,5.177505575689991,5.177036616520011,5.1879781114073245,5.187868783366114,5.195467473950999,5.189998603741972,5.202919092169092,5.20349538642986,5.19986289321192,5.1996880622837365,5.194591840253828,5.192194741532977,5.197586568910919,5.19613328520352,5.187965136170795,5.190713285519125,5.192167202242581,5.18789746386692,5.191868865866958,5.192170363314737,5.192320097574196,5.201552727764992,5.205181867535288,5.199669421487602,5.205638573965305,5.216957182320442,5.212677780852242,5.217018559866034,5.220897774687066,5.22282636159461,5.231870853916726,5.233244972577696,5.237645928246013,5.23593955415833,5.235038510911425,5.2249843705598185,5.206539210233593,5.194380906058922,5.194768005540166,5.181327303323517,5.17638186390946,5.172979620520028,5.153320985895427,5.142090244588136,5.130699113799409,5.135349635349636,5.136736925974215,5.152728409592466,5.166118149675898,5.1708607817303465,5.185553940098866,5.1853495747441265,5.187639423762659,5.198896650035637,5.206220483641536,5.218955160142349,5.223461646926114,5.234302276559865,5.237334693303321,5.237142047065495,5.232853079220595,5.235092579302425,5.239584487534626,5.249092050827422,5.25498848097503,5.262679105593778,5.268445722447751,5.284712211466865,5.285061523725316,5.278158606078317,5.283025452158693,5.289115538573507,5.295637505398013,5.2879875774211715,5.2748685398721875,5.265579200720321,5.261059283727399,5.2538840085434755,5.232527076434878,5.227174655172414,5.219189119703826,5.209050297701468,5.201333798882681,5.191780995220692,5.186957199546485,5.181128553245651,5.18719574468085,5.189148309246527,5.183531315974665,5.191085897257413,5.194264193053424,5.20899207248018
大头侃人：任正非-by-于立坤.txt,5.178065019682367,5.174134172759274,5.171623131816346,5.175945618522008,5.177868258653072,5.179820278969958,5.184963136729222,5.184266533066133,5.180334806481853,5.182633337789065,5.181126996912337,5.178733207952713,5.177038678485092,5.1829168915272525,5.195506797684748,5.2047077089239915,5.20531551747586,5.207221767035368,5.208597919802928,5.205360619772384,5.20560497731335,5.202535743744845,5.203782095290402,5.19751340943474,5.192797676669893,5.198078198397346,5.190949279379157,5.18597226074896,5.184290072102053,5.182283284944007,5.185427918570836,5.1823405285734045,5.171912153696227,5.162537137303901,5.155069444444444,5.146107784431138,5.140714978522931,5.151312612737615,5.147182220991414,5.13597124291442,5.135377358490566,5.133505296464437,5.135333607907744,5.133454920853407,5.136885043263288,5.139156585097608,5.137397777167947,5.140690622861054,5.147928913192072,5.145118034586879,5.153095547945206,5.157167691256831,5.164595189701896,5.1715220478831325,5.174748639455782,5.175289968652038,5.178941373648926,5.180479072630283,5.180242874760208,5.181615866244669,5.174815767805681,5.172373747770001,5.168042654355016,5.171107708189952,5.183235273878337,5.181876886145405,5.1811747194087046,5.183613729508196,5.183551217521426,5.181673957621325,5.178930623973727,5.172998218201754,5.1749352527896395,5.170731255149685,5.170605082417583,5.172095532646048,5.178225185592522,5.181994509265614,5.19149385613696,5.193185517241379,5.201197723844783,5.197576817558299,5.197676442373577,5.197514112625637,5.1930627839735655,5.187782006920416,5.193985082949951,5.191922808486878,5.203276367187501,5.200479927767746,5.199617838812595,5.205976940071803,5.201790480121061,5.195508613617719,5.195772745873687,5.195489715297643,5.198085916258836,5.189664310954064,5.193661818676091,5.197699594046008
拿下沃尔沃：李书福传奇-_熊江_-_z-lib.org_.txt,5.261561647227112,5.269452193496896,5.26934578229448,5.264363924893465,5.26164256928733,5.2607853015783546,5.259035481816896,5.254169464285714,5.2471226921425504,5.247494760803584,5.245362119013063,5.244485764090645,5.2390684852002325,5.228345070422535,5.222519138232721,5.20918296495565,5.205406146299235,5.19779460550988,5.196293128234617,5.194310295176386,5.198154597114964,5.200113319642071,5.203745948733058,5.203990660391234,5.206568569310599,5.2140166493236215,5.213786068530208,5.221183429701765,5.2272808980095675,5.227739615384615,5.231894325912183,5.233004100897554,5.237143064816251,5.242372392602356,5.241532802584739,5.242881455171879,5.24550329351667,5.244264298010711,5.237331396447468,5.236694091354859,5.234477646664682,5.228525536551421,5.218197240494435,5.2105594945062785,5.206651286841738,5.200331974164927,5.197399485584245,5.19733436551855,5.194963221982759,5.192101651779568,5.195027517408754,5.194841940361156,5.192614364477826,5.194583522377072,5.198001554758465,5.191377145876467,5.194051368647881,5.197237207058294,5.207673254375952,5.212942252532386,5.212946744324455,5.2220904059358215,5.227664011045555,5.2341296235931924,5.234407698505211,5.242100570060623,5.251828554887322,5.260521744032751,5.264953216221852,5.262964613652113,5.25680613243169,5.259644393619915,5.261222409072472,5.259009083367195,5.252953525206668,5.2500300220189695,5.246160806042751,5.246483346475589,5.249037419121696,5.239327588139919,5.2368028163526805,5.231271876741432,5.220199628618146,5.216797277201892,5.210470592570755,5.212681883919911,5.217772361787204,5.226334455264651,5.231953911191777,5.234141754300376,5.241792067307692,5.24654867559959,5.253662243463336,5.263435179910321,5.26424031047078,5.2653057800682195,5.2745406469183695,5.270362219039224,5.278931268771087,5.280828966351731
本田宗一郎传奇.txt,5.231063852813853,5.223763545730385,5.225006844380403,5.220186502177068,5.220539756239118,5.22058388396747,5.2197053146197145,5.220993555220452,5.220324713672155,5.210677892149879,5.202234592692636,5.198825599120817,5.201830621823829,5.1990939697608995,5.184558663817264,5.17434712543554,5.177681054359978,5.186817318416283,5.1920905980828005,5.202024428093179,5.208115411436541,5.211388345444382,5.215682933669893,5.218970402581007,5.224399635292467,5.230318315377081,5.237176133184106,5.228603301161001,5.225611787764245,5.229208286830357,5.230820198075046,5.227753432256275,5.219368925298529,5.2185602709427705,5.215198292481411,5.212552261237874,5.21331582537517,5.213832470010906,5.210193283070597,5.210398501362398,5.207862892223738,5.2059595753368715,5.211129601956256,5.210235062999593,5.221101900525677,5.222932356105433,5.219078381285291,5.215268514798446,5.213300828212664,5.212156407535155,5.21414083200848,5.215086729982851,5.213862504912878,5.205823548597521,5.207452885747939,5.206654137795789,5.203656643081761,5.20340280521533,5.208766614028161,5.202875529380625,5.1992393032189685,5.205939294777615,5.208681175843221,5.206723434154175,5.2096713376658546,5.205843983684568,5.204947533387844,5.212269692014173,5.217051369396376,5.215372789115646,5.2128407695456405,5.222738013932523,5.223471993410214,5.224787496572525,5.226346022182664,5.230209699453552,5.235126283090222,5.236862692203938,5.240911531749228,5.235638681260011,5.236979513103631,5.239964727805138,5.23833511134818,5.2422190488841665,5.240848296804859,5.23771613832853,5.243690476190476,5.247626598799269,5.2432789783889975,5.244862457427299,5.242010132912226,5.236081936930994,5.238344594594595,5.2375645461804625,5.235395702655813,5.24112551797888,5.238677575107296,5.23277160080375,5.235518617021277,5.239643000401124
杀出一条血路__刘强东的逆向商业信念.txt,5.241776417616434,5.248532004998612,5.255365744563722,5.257476753726241,5.256139631086397,5.254756500067359,5.253690669371196,5.2491834880904324,5.2403307588985895,5.24271300597213,5.2387885883905,5.232983003018769,5.227356864020821,5.226177672548002,5.22984310300207,5.2188226762923815,5.213705001285677,5.209186495176849,5.201222422913172,5.197327519379845,5.195935554979253,5.193202779942841,5.189137886263308,5.193035737491877,5.199092205939566,5.202144999348024,5.205337247227659,5.209076257861635,5.204317764366308,5.2008591290661075,5.195365869679454,5.19970510621454,5.209598296199213,5.2116526702532475,5.211781496062993,5.215370952942719,5.215009165902841,5.215908852459016,5.215645541442974,5.215062720501764,5.212306229508197,5.205976521511018,5.2081930790405035,5.207155115943928,5.21216721097322,5.2150313234142525,5.2206397020386826,5.2217365464994785,5.220693075811326,5.214870865726709,5.216344576719577,5.216946914399469,5.225711338834175,5.226583032249431,5.230046452134105,5.236471741481882,5.23236977404952,5.235217950453499,5.231416891891892,5.234573878893662,5.23998668599164,5.235668596776379,5.238676900584795,5.2425934723171554,5.2429114768683265,5.244415524331734,5.250804423391493,5.2451040676354745,5.239733756966155,5.238891455354734,5.238357714554748,5.240996104336044,5.24445109949776,5.245224881194841,5.242773763867963,5.237083390955608,5.2356833241303145,5.2311517165005545,5.227201435869115,5.220815789473685,5.219595063098045,5.2147106064802,5.21315913829048,5.21354044220543,5.213802521008404,5.210005603025634,5.205987498244136,5.200123448179662,5.198817301038063,5.195519884009943,5.204697918084093,5.211980151228734,5.215575215285253,5.217098338870432,5.216930699654163,5.2199637919684,5.218555424528302,5.217879438158407,5.2175449755846826,5.216586845466156
李书福传-by 王保蘅.txt,5.180330144500936,5.176756031283139,5.180788965792626,5.178350353757843,5.176537044480171,5.177705674949631,5.177646335713323,5.178756903286637,5.176938332660477,5.18254962987887,5.188017732636096,5.187602459016394,5.190747372971534,5.1960807862073555,5.204519704230006,5.2088058123848375,5.214412743133131,5.22239960184821,5.224546901458903,5.222195356032137,5.217659835667057,5.218505415425462,5.224436723903764,5.2340819882908525,5.235651938265635,5.233761832251221,5.236399411925602,5.235867490185352,5.232869148166023,5.234190218613467,5.236789942371902,5.238453460265965,5.234248226176622,5.23034490935919,5.233314310709634,5.232057078792006,5.234505943325997,5.23561762722605,5.240813788534079,5.244879756053899,5.252296200058373,5.260629643900065,5.265545463041216,5.263897060016879,5.2636921183664205,5.262349715134398,5.263523249934759,5.270558586065573,5.274118461879433,5.279439857334292,5.280490218843697,5.278013706140352,5.277065320926143,5.277441106394744,5.278420810350422,5.277612368395556,5.280057466849936,5.277116523034794,5.272866497718801,5.267025068681319,5.265827812298258,5.261942085050882,5.256421743867011,5.247537766491705,5.2448447256732145,5.244987814900403,5.24772745640674,5.251456852646403,5.252978432638253,5.254407253721112,5.249343852190974,5.249136908662036,5.248311596583442,5.251083793194061,5.250024864971677,5.254441437007874,5.2560724227141735,5.261889851808331,5.263203542562899,5.258656278449733,5.259134911029701,5.260083516984496,5.259443649618754,5.257212143082729,5.251951065083246,5.251227833481278,5.250622848892507,5.243457322986415,5.240146587382621,5.239460773216118,5.239702104628621,5.236771629475682,5.23621566496723,5.236980131601944,5.237000597064152,5.238814762035097,5.237411599304323,5.2419421813624565,5.236928895920735,5.236559736143868
李兆基博士传记.txt,5.239320295202953,5.237640224951901,5.235962278106508,5.228991051454139,5.223905620992992,5.220188931865517,5.22695049209663,5.232108469539376,5.233746093168626,5.234773607387549,5.241434316353887,5.245624628197501,5.251020362663497,5.255072323292573,5.2645835798816565,5.268764627462598,5.262730233935445,5.260638737276884,5.2588107549120995,5.253871540624538,5.250820520402129,5.248785273368607,5.251968786635404,5.2486621165419045,5.245893723357343,5.249593262724331,5.248918740849195,5.252827772900205,5.250584662666472,5.248680586080586,5.24287578364193,5.244886446353181,5.246436556329849,5.24238906612529,5.23848347047784,5.235385997699828,5.236539638589332,5.231600029184299,5.232213234222416,5.231678816153958,5.227516397026673,5.223277213352684,5.216372106565729,5.2162183774353,5.22375326939843,5.227325227963525,5.231622013034033,5.2376214722141405,5.240183139534885,5.2435981443896775,5.244691214844884,5.251800057786767,5.260896253602305,5.263988198042602,5.26518855656697,5.262160162483679,5.260093362509118,5.263322137850467,5.257795021961933,5.261295268691589,5.266736284747757,5.27181174387725,5.27494674556213,5.278278420896409,5.278446842642555,5.278454759106933,5.28021379411334,5.282320619611282,5.2889755239630665,5.288743954272314,5.294414388068431,5.296091148115688,5.29367204535543,5.293743813682678,5.290699826489299,5.286957725947522,5.287936507936507,5.288055917716935,5.2857619601570445,5.278393718042366,5.269843497428361,5.271075653570907,5.279096016343207,5.2859854172682645,5.281806891600861,5.286224650099971,5.291126408902839,5.281609491137793,5.278918880522802,5.276537695590327,5.276828193832599,5.275894482366325,5.2780297872340425,5.277691218130312,5.270488876293042,5.27060407465451,5.273107509994289,5.272137355584082,5.275650581645841,5.2745670933410045
李嘉诚传：峥嵘-抉择-预见-荣耀 四部曲-by-李忠海.txt,5.216624540441177,5.176911621771729,5.181119991767289,5.232410545663025,5.246965038935755,5.244600125944584,5.226608389261744,5.220135711384866,5.251951421473916,5.245310910939997,5.244347189695551,5.245207651827621,5.217691029900331,5.19920928030303,5.208459422774682,5.207319721980886,5.190682315206298,5.214911394258934,5.223298190625446,5.222768519815152,5.238755257992148,5.235079728989871,5.230855459225142,5.215574523515699,5.239017297739037,5.270808723923056,5.259176538671024,5.263323055028463,5.215472385758339,5.170175944620709,5.2395988973122,5.295244597640196,5.306274983232729,5.2737118923372694,5.219314226519337,5.222324986537425,5.224338037634408,5.234300883788419,5.256887815071177,5.236469849246231,5.221563130294474,5.276307566906669,5.279920940738773,5.257480393138433,5.23000141440362,5.215496873300707,5.248757301808067,5.249965868023023,5.215772415577694,5.218554177114953,5.3118157929312835,5.35366404199475,5.304732008224812,5.263198333800055,5.265478384370238,5.268903893611187,5.269347355606655,5.281068218954249,5.278064494043544,5.282432396429999,5.288896364342088,5.273101956608546,5.249119213437116,5.243885788184045,5.270483779169038,5.294312961719275,5.330349273910866,5.346416213544241,5.304325208466966,5.259944537463373,5.2550462498207375,5.25147741820768,5.235532153539382,5.233752090301003,5.20330183396332,5.221535979126613,5.270524034672971,5.279356398316319,5.265679305761206,5.272632225913621,5.2860908400475495,5.314453376205788,5.335885132437109,5.28920700378583,5.208545429285913,5.217044706527701,5.267187540558079,5.257637825917758,5.186703563714903,5.165893164088325,5.183796043212287,5.222526497085322,5.277906203339216,5.3229695885509845,5.305690075921908,5.257314263011521,5.252833872010342,5.257928389603429,5.235079966910244,5.233827029886273
李嘉诚全传-by-陈美华-辛磊.txt,5.19990820165538,5.195650745607559,5.192189124783362,5.1904255547602,5.201634601681629,5.2063730349808806,5.221469724514053,5.225233840569594,5.226823331934537,5.228825446302069,5.2300547730829425,5.22442544361763,5.240629345307068,5.244232983163045,5.233588192419825,5.238042797494781,5.235846432889963,5.224968316234158,5.230876460767946,5.231696644498186,5.228324973400212,5.241104153940134,5.238855663730489,5.2296884272997035,5.231133499299828,5.22454982450786,5.230911151405258,5.23578231292517,5.232576664173522,5.228694406754109,5.230878318255969,5.224961059190031,5.219700680775492,5.229633279601407,5.232869140041804,5.2337673161820675,5.229538323446769,5.219997221340107,5.210780330736205,5.206734018810776,5.203792495189224,5.201199164121524,5.19563343633111,5.180566068251658,5.168192752017725,5.16976830974965,5.171857251908396,5.182997429694588,5.191971627977546,5.201531655225019,5.210146185472818,5.228410601026879,5.238611194477792,5.246637088283952,5.245760185739965,5.250212605548855,5.24700076394194,5.244378147413399,5.237693771889751,5.233097419453352,5.2324345629879065,5.226353049341097,5.230105974504685,5.229341920374707,5.239808932222047,5.235477611940299,5.23655870285624,5.227816616410094,5.225241277208706,5.216640599935836,5.209008420208501,5.198000558391832,5.186411412609736,5.1675264029003785,5.159360251913265,5.1483748805352025,5.142071554064846,5.141685732443597,5.139003149606299,5.129055922086082,5.1239727546332965,5.145889712696943,5.160179856115108,5.1777901289461985,5.184756484149857,5.197150477259966,5.204904203997244,5.216318293014406,5.227605878423513,5.249169736842106,5.25670738045738,5.256298261907921,5.263049817739975,5.276758995247794,5.279622148942018,5.283865081559303,5.287874583795783,5.287291695453917,5.282470472440945,5.281061224489796
李嘉诚：成功没有偶然-by-李永宁.txt,5.2380940562555685,5.234554273395892,5.2378349403704645,5.235602922490469,5.235616907844631,5.239811248565234,5.243406277912466,5.238249203314213,5.231450133740926,5.2297818343722176,5.230135769572389,5.226998087954111,5.226811746031746,5.218554151853733,5.228719713307116,5.233786472148541,5.24042395820219,5.243277027027027,5.252907790243287,5.246169283919598,5.249352258469259,5.2450443619431155,5.243390462463967,5.242456934215453,5.248865590727816,5.253480264785944,5.25315142364107,5.243037230769231,5.249234330921134,5.255177474821911,5.2631977242138746,5.255957485910316,5.254118912936546,5.258399384615384,5.256208824975418,5.251964771322621,5.245250713665135,5.246864438369781,5.251324078685259,5.255032960199005,5.2544350423096065,5.256899563318778,5.252815631262525,5.268435571230634,5.271264179480715,5.273054504163513,5.266874207456251,5.261010088111353,5.264038461538462,5.263401975878882,5.2716140418431525,5.285072454557009,5.289409608091025,5.2884684230429855,5.284720020133383,5.282052313883299,5.282283196979232,5.279458678723939,5.278575093867334,5.286111737442064,5.286973733349932,5.284586606808828,5.280397997496871,5.277789670192906,5.275751301760476,5.2712203158025615,5.264152636791286,5.253588734857,5.251392206159648,5.257286109713136,5.265618647258125,5.261664779161948,5.2642749873801105,5.258843533123028,5.255365567533291,5.247537815664658,5.24300853439425,5.244694942381563,5.245172755141143,5.250320020481311,5.2529594455852155,5.2529162916291625,5.259811948317768,5.26593972533062,5.274384410983171,5.263871739952123,5.259241505620816,5.266367834999367,5.27236009579027,5.281458333333333,5.287479515946048,5.29344009303495,5.298092747995993,5.294932129514321,5.294009734181954,5.298988154926047,5.299255593262947,5.303528060903485,5.316766236208625,5.3248296524030625
李彦宏传.txt,5.260979682539682,5.256204068658614,5.258217689668319,5.253440290890532,5.249769770408164,5.247666538805779,5.244567080189283,5.241442627140302,5.236107425363613,5.2428949386503065,5.239653053386249,5.235951437699679,5.231589776357827,5.227375927347148,5.226851213282248,5.227045425545489,5.220157244716068,5.222823702002806,5.223086237826755,5.223132568925535,5.224204047434906,5.226645324020177,5.225701424870466,5.227163898261095,5.225849363140109,5.2228053085774055,5.217727749377375,5.220430763178599,5.2193659847888805,5.2222489774376575,5.225586338510134,5.229314787894806,5.226494031830239,5.22986118490967,5.231320992569002,5.235313826963906,5.230065859499734,5.229038639671828,5.235015862524786,5.237577980438805,5.240991921599789,5.243564133174162,5.245629570535833,5.250565009306036,5.255363418530351,5.260948333111966,5.2648544588515485,5.267772041302621,5.267795088460523,5.26056842105263,5.256110236220472,5.25345897133883,5.253386001566988,5.257302966932427,5.25694266265218,5.260225313479624,5.258603217853898,5.256946282600234,5.255092953718149,5.256998702141467,5.2588638572168955,5.259129415189546,5.254206336390647,5.24799115755627,5.251674561742717,5.250352874677002,5.250727977426051,5.250160721222323,5.253051446841493,5.250087676962676,5.2537183401902805,5.25295974983964,5.25412959039548,5.249744014673704,5.243261841935898,5.243010982994074,5.250862987600103,5.257536393633541,5.264349954756979,5.2619803081088055,5.2637578485392105,5.266814392487543,5.2643872767857145,5.267150243309002,5.2676610791826315,5.2672822005854645,5.266836349206351,5.264765892653217,5.264520461168123,5.26756023332488,5.273963151207116,5.274691200814974,5.280020402958429,5.283935463258786,5.289082715418051,5.290364569961489,5.288404282765738,5.279884983199794,5.275213220998055,5.274152905994019
杨元庆联想20年.txt,5.2387456802764625,5.241062467997952,5.245940973553085,5.24635294117647,5.246574606827771,5.24953013278856,5.247845859872612,5.251815290675487,5.254226463104326,5.254719959266802,5.253707793856307,5.252989089063689,5.252687515891177,5.249890417940877,5.245736493374107,5.244021434039296,5.242086468562683,5.239344994892748,5.234492197492965,5.233148837806601,5.234911424903722,5.238041303232428,5.236882134154162,5.238990872862836,5.238921530730575,5.238576581218601,5.238433703799432,5.240899779592895,5.240698610570055,5.240791254554919,5.238645833333334,5.2382287870900575,5.239580083203328,5.238817176317501,5.239048675453478,5.237682162444503,5.2359613879467775,5.235824405539587,5.237742946708464,5.2387895424836595,5.23979777486911,5.2388230285564585,5.239406245899487,5.238205077611155,5.239942770688067,5.240202338720272,5.244055154300722,5.246640461215933,5.24719537815126,5.248161928468492,5.250732346390673,5.247743374442403,5.243538986610659,5.243829675384413,5.241051177476647,5.238076364116792,5.237663057829416,5.236123499142367,5.234384372533544,5.233630631814003,5.230415953665921,5.229012785027019,5.225144927536232,5.222226469812813,5.220719471947194,5.2194887039239,5.213963285789752,5.211124768702088,5.210017177589853,5.207304336329985,5.204599022327916,5.203328496042216,5.205418861959958,5.205893045310853,5.207916336764317,5.209364932664378,5.211216198390714,5.211431385423506,5.212133665966387,5.213088254636328,5.213877443904999,5.2142100432673395,5.212688193085454,5.214155598958333,5.2149060393986515,5.21533544467425,5.216262098335269,5.217816928626642,5.216759175788795,5.217952264539371,5.216435739096874,5.219565077733522,5.217101067249582,5.216696783288478,5.216430676576114,5.217232177140663,5.2182523340580635,5.218146656437796,5.217055030643514,5.2164263842817045
松下幸之助全传-by-赵凡禹.txt,5.202063824045338,5.20146510067114,5.19936714720275,5.1919328006287655,5.19971520230457,5.206045298468039,5.206111920529802,5.196157161803713,5.197177516374816,5.202579604997984,5.19406976744186,5.198949387535334,5.196164199192463,5.189795836131632,5.180740048089767,5.167463912064627,5.172494443718134,5.172958479760511,5.154532995583269,5.157932555123217,5.142681753153856,5.1462562091503266,5.1574203614614476,5.170815006468305,5.1744950674974035,5.1712625472559,5.161849993483644,5.180954153605015,5.185420327868853,5.199549443352979,5.2070850176033385,5.20189612423333,5.192239296033622,5.195470549305096,5.2098618307426605,5.2103344392833435,5.2075195441897435,5.199668482593675,5.189634487350199,5.17373079492318,5.167261873175909,5.166416579223505,5.176706219846134,5.157611183355006,5.161034794981244,5.14662368112544,5.144210354720918,5.156244137571652,5.167882398653024,5.174547810313554,5.175082574772431,5.161559447844772,5.177395127670661,5.184684672872689,5.195699895342752,5.206092633493569,5.201553790049492,5.199515246286161,5.202221213692946,5.2132077922077915,5.2280073872472785,5.227831457767429,5.220542820347714,5.218398843930636,5.219585096832115,5.220872581466396,5.233564544762871,5.237917881130401,5.245084788343172,5.242105263157895,5.246706083217402,5.255048882681564,5.251510659770405,5.252946315522918,5.2544437372708765,5.25496711366539,5.257950538052639,5.2582038929125705,5.269838115548662,5.266939388193654,5.268378000248725,5.277165220086795,5.270365348980852,5.270686027968598,5.26983420699744,5.268068031306442,5.268701559834267,5.263312652811736,5.265633187772925,5.2639892473118275,5.259998091603054,5.261328977416899,5.254081142568251,5.249096202531645,5.234936836786255,5.227219784353058,5.221337749164293,5.217001342773438,5.208760226179018,5.213514887002271
松下幸之助创业之道 by江新.txt,5.245328091825903,5.226871897047294,5.215973143451684,5.221688053673788,5.214587033167929,5.2134133481791975,5.202694767062508,5.20960165012247,5.206567818463125,5.200653071760454,5.195959818535321,5.201546973064853,5.207019205686709,5.20951422498365,5.210463163064833,5.2133815636316605,5.207270833333332,5.203377263906856,5.210750129752173,5.205202521283563,5.207483209441836,5.203234425697599,5.198005047236961,5.202869784265599,5.194329558615364,5.193275817831944,5.184237668161435,5.172730828417543,5.168633757961783,5.1610329171396145,5.158988792343534,5.167479797979798,5.172752084912812,5.169800811976655,5.164652529381707,5.154313373509425,5.163677494199535,5.168538663171691,5.163635291033035,5.163472149238045,5.180094201937111,5.171700653072105,5.160760884125922,5.149003484787562,5.1401815849871735,5.150520188425302,5.161173605551108,5.1603560850834675,5.162454716221655,5.180134042839822,5.196621784565917,5.199429889052265,5.204966135458168,5.211280398671096,5.226125867592097,5.24144493274737,5.2524608649509155,5.248648792850473,5.254738095238095,5.260207951870259,5.253109938778168,5.2433399871217,5.242238274164292,5.237489618479107,5.232166949928096,5.2262884114583334,5.2176365656037635,5.207809427035531,5.206474704336399,5.20662385019711,5.199886723910172,5.201901533018868,5.2146969200524245,5.218077098540146,5.224081493506494,5.230640177309521,5.231581079356978,5.240795382266888,5.2498978184553655,5.251278105765608,5.246572983922016,5.250313799621928,5.238281170805879,5.231914472002046,5.224895646606915,5.228995357234975,5.223521665801765,5.222111370413588,5.220364637305699,5.221982267667617,5.221335183273102,5.231936327676406,5.233891713268937,5.239056174089069,5.248944332998996,5.250537205534089,5.255921773791729,5.258768582755203,5.262949653636813,5.265830744376786
比亚迪之父王传福：巴菲特看好的人.txt,5.253959266214069,5.253601272227844,5.253156444831086,5.251711191335741,5.249932539112961,5.2519673539518905,5.249967217787914,5.248573259290901,5.249197785034786,5.248467558338076,5.2457190802627816,5.248403859899927,5.2507807570977905,5.2479310096500065,5.246555220017256,5.241529199711607,5.234426834563613,5.228639796659405,5.224893106457242,5.2225109649122805,5.222658144631118,5.219388127187865,5.216660578609,5.214049882972499,5.20920721905597,5.205038106404807,5.202198206146155,5.19679025110783,5.191244246473645,5.190406812434925,5.1910625,5.185649851632047,5.181550731058928,5.179515276145711,5.177343657817109,5.179844559585493,5.185653392330383,5.185198699955681,5.1879600886917965,5.1863868397757455,5.183441826215022,5.183378039793663,5.184056729206677,5.184617890995261,5.182261710037174,5.177311811960726,5.174647824136383,5.174726457399103,5.172401492537313,5.175016427718041,5.177479480674525,5.180236208700852,5.180718132854578,5.185191412700795,5.192316926770708,5.193204378467537,5.1990471923536425,5.1985101311084625,5.199449650453666,5.202269692923899,5.2020532658830545,5.202603065932432,5.202157941701368,5.203006691449814,5.202000593207771,5.202367681845063,5.198476884570082,5.195722598703595,5.197190016103059,5.193066851960211,5.194251091703056,5.2030467734950205,5.206223265895954,5.209649135446686,5.213559747525462,5.216549770510614,5.221354898866733,5.222719260533103,5.225249856815578,5.228676995573325,5.229277185501066,5.232472371776707,5.24045081967213,5.246626827896512,5.251191110487942,5.253479298245614,5.260759066629182,5.264867281363509,5.269533649818485,5.273835330175536,5.272113086968602,5.265149492421081,5.263396410185056,5.264107490949596,5.266946724161914,5.268066435986159,5.266921484752311,5.265647511685455,5.262996582365003,5.261851750919743
比亚迪神话：王传福的创业人生-_阮建芳.txt,5.204340478153339,5.198339710303361,5.192465977136636,5.195632262474368,5.19209626692192,5.185049053475196,5.188178262084381,5.194122426110099,5.202582865168539,5.203434813248766,5.204737288135592,5.203490990990992,5.212190342897131,5.21904041105402,5.2251854939558156,5.231842434347644,5.237125137816979,5.232234306167401,5.23466447097571,5.234638675817521,5.22730805118635,5.220444281133084,5.215884199278749,5.219181600955794,5.221517703222385,5.228752967554735,5.227771432322436,5.229189171473519,5.230222062098781,5.234640706806283,5.243835950904051,5.2462259044098225,5.252760237780714,5.257108198924731,5.262452246435298,5.265076943663856,5.2595842771485675,5.259881190762248,5.2558722259583055,5.252176566314077,5.252572047084291,5.249519858541894,5.245457765667576,5.24409874500069,5.236480077209431,5.23865397876155,5.234245361395735,5.234947511929106,5.241270100844917,5.24870817970777,5.2590236241977335,5.26225635449232,5.268214429665457,5.272225046829007,5.273325275315606,5.273808632901242,5.275044565651191,5.2727876164239795,5.266912611198325,5.265800209205021,5.268847997926656,5.264011991657977,5.255093256814921,5.246102444097764,5.235897635749546,5.2366281034706885,5.2348052287581694,5.22677966101695,5.224992760300119,5.221637772524296,5.217278705774037,5.2160674452171625,5.223562614859543,5.2242743719901075,5.217170279446331,5.2184261186264305,5.223206655444775,5.2253093385214004,5.226526514166883,5.221559293414729,5.22170869621734,5.229694155844156,5.2302700065061805,5.23950743736952,5.2485884265279585,5.247120700843609,5.238446949947862,5.2352752353556475,5.242418869405915,5.24461937262108,5.242109910384818,5.243728970724599,5.239490851233095,5.24123762049386,5.239634298880842,5.23630931979963,5.235610021069265,5.231847427673779,5.232037314404794,5.233034079016222
海尔转型-by-仰锋-_z-lib.org_.txt,5.238729518689197,5.237540178571429,5.237606369426752,5.237528075709779,5.242711133654578,5.25278955954323,5.2616970757310675,5.264426127138753,5.2672707889125805,5.269150088139007,5.272061920280772,5.2798446699235875,5.281906605069296,5.273454431960049,5.2756030784759025,5.27423773255088,5.27242310106717,5.269280839231547,5.2700152226309775,5.268849524286431,5.267820672478207,5.26445731096645,5.263085186581228,5.260408355287918,5.26564705141129,5.259589049638313,5.254418125,5.243858316733068,5.242289245982694,5.241387068858945,5.237893283113622,5.23391353811149,5.227258940983193,5.223670542145836,5.217744924977934,5.2147606783919604,5.214475546568937,5.222469970919206,5.228295181484761,5.223856685860525,5.227634749524413,5.238225422667501,5.241466235542843,5.245027153789189,5.242127475247525,5.241140848544648,5.239850148001974,5.2510932317897066,5.250459052515608,5.247813150483654,5.252985510775599,5.2503967384690275,5.245750826092277,5.236253991648244,5.239529236868186,5.23885396039604,5.243463432652056,5.258254489164086,5.2587994542974075,5.266746613644836,5.268566620964727,5.26628257887517,5.261939795153634,5.256661691542289,5.2579744321707835,5.256546930741789,5.267163903061225,5.273298102195424,5.274834872596745,5.269564591322365,5.263588778936618,5.266845155139672,5.2792268233001955,5.286183309563245,5.290496029005525,5.300135021631076,5.299849008413461,5.295149102434388,5.2914681952662725,5.29030152296733,5.294518795151219,5.302923744348038,5.298807469493405,5.281425500552758,5.268004998171401,5.267201388043345,5.254185437720687,5.248928614713368,5.242859037742675,5.2401912436853495,5.2321582993033875,5.223107684895205,5.214771622934888,5.2094537048302705,5.214555120997311,5.2216619475563215,5.223724666337123,5.2213681992811996,5.225643849330496,5.231213845573441
海尔转型笔记 by 郝亚洲.txt,5.227423324498296,5.226723680888664,5.228330171977744,5.231710759493671,5.230645263025104,5.23022530438057,5.22786359643619,5.229458526791316,5.229794932898533,5.231301326990485,5.233359335996005,5.231855960887551,5.230997742380533,5.2331393749999995,5.2356459899749375,5.233718753925386,5.235391331658291,5.231299473947895,5.231633169005183,5.233028506559032,5.233266407328398,5.233531324246592,5.2380067440989135,5.2364310689310685,5.235152119700748,5.234698179097031,5.238426573426574,5.237489058396898,5.235497010463378,5.234225509696668,5.233611283708215,5.230677419354839,5.2310517819446165,5.23182382133995,5.234151037138243,5.229683094198378,5.236478987404913,5.237416187140355,5.238246198315949,5.240684819519557,5.239410172478912,5.240250063307165,5.240932375746789,5.238537193251534,5.234789770542238,5.2328724496342875,5.2312928709055875,5.2277280916227005,5.2261999485000645,5.228197877572149,5.2303102237252865,5.229863129216398,5.227279416547417,5.228729277727214,5.226303379341628,5.226259947593168,5.222763824364433,5.221595684772815,5.217322701297033,5.218900341722024,5.218732506965552,5.219497083858765,5.217381098327675,5.2166977693655365,5.210203628025954,5.209774463639765,5.211721402271593,5.211280004387064,5.2131585928670106,5.213770006904344,5.217836478086148,5.215918551115008,5.213204350144273,5.214089090737952,5.216824188270827,5.216912300540269,5.213943581976523,5.211865681071519,5.212102366190054,5.211451592517695,5.212577600405423,5.212558124761784,5.212582676163826,5.212490436113236,5.211304513184584,5.2119774083005455,5.21695690747782,5.216359949302915,5.211951684678957,5.212686301891583,5.211480351011064,5.210524636201175,5.211435694195857,5.212266546947153,5.2118555113563465,5.212292870905587,5.21289412822819,5.21313573442707,5.209741873804972,5.217235787867226
王石这个人.txt,5.2086076263818155,5.205758290895541,5.200235778443114,5.2000087434424165,5.199492694805195,5.195542638075052,5.192007151741294,5.189755085486086,5.190451176983436,5.190375621890547,5.189035754329139,5.188374439461883,5.190382697581651,5.188464227743789,5.187018268268268,5.191647250407115,5.191056788266265,5.190872078411662,5.1917535903250185,5.194250756811301,5.196248420520597,5.200151053566895,5.198068051484643,5.200546138159572,5.199996166134185,5.199696601941747,5.198535068598538,5.197475304682489,5.19840616966581,5.1990360904187005,5.19992926045016,5.202374485066941,5.201581829896908,5.200844825364093,5.206204478188135,5.204650160771704,5.206212698617749,5.208456465237166,5.2101873619950645,5.214520401554403,5.21525715766291,5.210687500000001,5.2056196190973125,5.202131083202511,5.195712786885245,5.190184772637924,5.184428328759964,5.18045939614784,5.178564169381108,5.174663712200209,5.172129049111808,5.171470319634703,5.168532934131736,5.1660288949629045,5.170476933073425,5.170891674243408,5.171234111543449,5.171021400778209,5.173777763429752,5.172689726381002,5.17354363283775,5.172575620475698,5.1684787659739255,5.163415138207182,5.164283000643915,5.165395126028806,5.162962333162218,5.160223991233724,5.1598755627009645,5.158156594816526,5.157676169122358,5.153045163356823,5.152644625448948,5.156856932719365,5.157461523662947,5.161570467648942,5.17091643258427,5.174905485069845,5.180605350955987,5.178567069253502,5.183255611455109,5.187496784565917,5.190825755635246,5.191209429121232,5.1943401259964,5.19784948652118,5.19165014073695,5.193712645889445,5.193281651258346,5.19276732991014,5.189089652956298,5.186212970118494,5.191677471116816,5.191340454195535,5.191225244341564,5.197934083601286,5.199448169159361,5.201968112574231,5.206133135330578,5.21047227926078
玻璃大王曹德旺.txt,5.180311148958469,5.186216657949791,5.189503541448059,5.186416074717179,5.182472657794175,5.1821580607016156,5.180600341925303,5.17787271771969,5.17457910486599,5.176180959772345,5.184236342651961,5.190686009026435,5.198115662029881,5.200582275234065,5.196231995884773,5.205217864923748,5.2057239035650165,5.19980274993575,5.1995706584520605,5.1932248291865415,5.200663940809968,5.211770738079686,5.218487422626102,5.217059910266561,5.215866763119821,5.209295412602161,5.207949475065616,5.203539215686274,5.20436586638831,5.210956159750227,5.220116583704479,5.2243055555555555,5.228261040492727,5.224549738219895,5.220846052631578,5.214735947712418,5.212497725795971,5.218345267543289,5.207246320177152,5.211997383911053,5.21300513360537,5.21517296222664,5.217262398075123,5.216847913862718,5.216414277988102,5.217883522727273,5.217730165177362,5.216147773279352,5.211980771853266,5.210182302335109,5.210106571936057,5.2064483800109835,5.217752732240437,5.222038286737364,5.215966120369095,5.209974008207935,5.207158717105263,5.216067031463748,5.214452231899837,5.220910643530537,5.218320752127367,5.229885627669836,5.211950193156732,5.208166827652822,5.203887961029923,5.203146059593427,5.203066306006381,5.21786454018227,5.224148558152248,5.2296322616254995,5.228382089140334,5.2215415047196005,5.219224413275933,5.215684761642326,5.215361420900454,5.235184347587719,5.242281764946207,5.23021327337149,5.222438842076651,5.215221047981515,5.21093425191466,5.203605972696247,5.197426733013041,5.200661825869957,5.202410616250343,5.197630211916884,5.198125603365053,5.198887028855445,5.194744499031276,5.200694501931568,5.20457408038147,5.202684863945578,5.202663427561837,5.195512759603638,5.1939548902736385,5.182722825358531,5.174388666666667,5.165850906648758,5.169440925456727,5.169475661657135
盛田昭夫传奇.txt,5.243251874838376,5.237444458713241,5.230978886756238,5.224765694638992,5.22252207858697,5.219221797323136,5.219028735632183,5.2131600102079885,5.210661003959637,5.205115492598265,5.20671284473953,5.206120722554382,5.212018728500446,5.212613766730402,5.211019913198876,5.214621784205811,5.216413071227981,5.219402756508423,5.223150684931507,5.223259654471545,5.219103229892336,5.2171892511462055,5.21840333975594,5.216153349683749,5.211841900815745,5.207813968668407,5.202357880292734,5.198642857142858,5.193553719008264,5.191617127144167,5.1920924092409235,5.196778897136798,5.195500462779321,5.196909451421017,5.201914130001329,5.201511597084162,5.201069345001327,5.201146594077811,5.205540829986613,5.207223640026863,5.210261651400862,5.210154022060802,5.209733648010789,5.211372853859672,5.208301338380424,5.206409177301112,5.206407193849533,5.205851576483547,5.195505183137525,5.192315978456014,5.192929488064026,5.197789979409747,5.1955059728134,5.201828118595436,5.200946075085323,5.203714324544713,5.2077326370048835,5.211244242752642,5.212684885290148,5.211592468056489,5.21256265916097,5.214477412456563,5.218903672166046,5.227392756915676,5.225635166016938,5.22101540522438,5.222222813789432,5.219639723477797,5.221206668430802,5.218835426305354,5.21839438098989,5.217188152400835,5.219609120521173,5.207648351648352,5.19945349583066,5.200606137781739,5.20309086300849,5.199227346785311,5.199454849913174,5.203945171339563,5.206036137071651,5.20072104607721,5.20287875,5.208390329450082,5.211024734982333,5.214938006072874,5.211106183476939,5.2194571173696955,5.220991693290735,5.213949126413156,5.204870379876796,5.208440894981893,5.209628642039542,5.206600647249191,5.198816522076913,5.198777474313955,5.20164744429882,5.193468581214596,5.184599654760325,5.1844305835010065
神秘富豪—郭鹤年传by 李如山.txt,5.185113521695257,5.175824522016223,5.178926417803303,5.182784245107841,5.187138618816129,5.19163051260023,5.195771693768887,5.191546625413728,5.187079439252336,5.188643708704395,5.192124820143885,5.206005978965567,5.214233783978139,5.213548642046271,5.20863492747379,5.208760028653296,5.208578222600795,5.207891549095054,5.2067993472399605,5.217517874667039,5.215747280689362,5.215993013972056,5.218913631189528,5.222637744958819,5.231729190260476,5.234006776789496,5.229555021895748,5.22425507577924,5.221441066819616,5.215444269566461,5.212050014330753,5.21160763138949,5.215713569997137,5.21130971280127,5.2138723712835375,5.211954538873607,5.209407798299619,5.215338869939196,5.215173341303049,5.212217417238294,5.205955772113943,5.202296726504751,5.186196059334732,5.178032066686693,5.178872926093514,5.1918773303504855,5.195754457652303,5.199093365911447,5.197569875776398,5.198335905349794,5.196986540749554,5.200258441172097,5.198062041610537,5.199090464731539,5.2065382607398565,5.204625568431862,5.200360330699444,5.211296657986111,5.2150458748735735,5.215776660396469,5.2182632342277016,5.222376868953386,5.22007504829841,5.213119040524434,5.209287200832466,5.2119883966244736,5.209888093788063,5.210162776412776,5.211814957594448,5.21372010492208,5.212503453568687,5.217195791399817,5.214547692307693,5.208050178101286,5.20708359229335,5.206760981710177,5.1930734089477,5.191134639696586,5.205210833982853,5.205245339701125,5.199803511705685,5.206796296296297,5.211205297022295,5.2119763814616755,5.216108734139865,5.224311101360247,5.224502311470673,5.222088315804639,5.223758972150446,5.22149340407227,5.2251500643132776,5.23083538261247,5.232634941142694,5.230499430037048,5.241241539763113,5.24438025210084,5.236787068239259,5.2340625,5.239796544428773,5.237260056457305
立业贸易-三菱社长岩崎小弥太传.txt,5.221655973766752,5.218343199436223,5.214109078114005,5.2106740230531345,5.210024537296691,5.207630993745657,5.20367044341866,5.199563392107473,5.198848255569568,5.199081861508271,5.191431974218859,5.183746849621953,5.182657588094904,5.181107247183196,5.187093215664644,5.184027068084518,5.1832174151150054,5.180794836956521,5.179579104073623,5.179130493760174,5.183189701532671,5.178008446172409,5.177920520037528,5.177084734364493,5.177166016413292,5.169572160086242,5.165451900960627,5.161708451273756,5.1580768712977925,5.156293173232595,5.150498988536749,5.148988657844991,5.154958119427182,5.152535757251704,5.142244402481792,5.134499252615845,5.130926656687985,5.128374061433447,5.126915887850467,5.128055172413793,5.12905251611134,5.125755351262349,5.127147839168489,5.129758978560699,5.131558005752637,5.130304049416609,5.133747102931152,5.135642964173819,5.140320591026163,5.14250775037067,5.13714546684709,5.145378561736771,5.146256284821308,5.146400434664494,5.146446506550218,5.151115510649918,5.15231219379423,5.154799945563418,5.160488967583765,5.157934544957639,5.160127392921085,5.159387376237624,5.15884551609783,5.156907554810782,5.152699219838395,5.147648817802503,5.147376946607341,5.153426911229348,5.156562543675752,5.1583070591517854,5.158579307456018,5.164257556762781,5.163839939234913,5.157736277342138,5.15619785212722,5.1577754062241805,5.161636500754148,5.1613870923352145,5.162491758241758,5.152867596299876,5.145119686339249,5.139072398190045,5.135462721406014,5.135601654031702,5.135447905181918,5.1286618843978475,5.134515907844213,5.135707495926128,5.1308783783783785,5.12402329991872,5.118807151630954,5.116547749725576,5.1136051912568306,5.106162630709962,5.106889498970487,5.101514655760055,5.099328501094091,5.097274777853726,5.094245568228665,5.092138533498418
红色华润-_中华书局出品_.txt,5.268827764976958,5.2486498168498175,5.23746475704859,5.201813361611877,5.186988585160709,5.192872677843226,5.195370561367319,5.199793315743183,5.205430388121141,5.2007224570096175,5.206202648712636,5.227225233922471,5.225894141444411,5.219138204624453,5.20984248665141,5.213406037677579,5.224046770946259,5.22341620626151,5.2190400083644555,5.223075536242604,5.229294177697786,5.2352863221153845,5.233431777165654,5.232081677527497,5.238113530157409,5.244820288133076,5.249515415252986,5.252994837758112,5.256707712726737,5.262549322732626,5.242827225130889,5.243842279464671,5.230284640947841,5.2182487272727265,5.207573391178596,5.215029441332759,5.206081550028918,5.214550195567145,5.203636820925553,5.192217660616537,5.1909148332150465,5.184509513742072,5.187312016865777,5.182690880548023,5.1851689675007195,5.191438078703704,5.197092047232893,5.208356753656439,5.225916133617626,5.225821337849281,5.214314301707248,5.21545517817372,5.222858117326058,5.238344253344254,5.248226614699332,5.255344081206149,5.257477341389728,5.271552870090633,5.274287547169811,5.2729300916346435,5.260211320191159,5.2502197390130485,5.2482463102199945,5.2428754858412,5.238240842743045,5.237870913663034,5.231076443057722,5.231692329626461,5.224538986909504,5.224762989323844,5.224048025007104,5.208557788228588,5.207340273816314,5.2060726764500345,5.209422886976154,5.2152585722315905,5.213642172523962,5.207432432432432,5.201686661961891,5.2015247524752475,5.198008222285228,5.195821469248291,5.186473691715387,5.17929944468176,5.191369013271783,5.201973439954305,5.213871842443271,5.210944634703195,5.220306382978724,5.23155369595537,5.225812752895214,5.227174377224198,5.220768740257899,5.2128203125,5.224891993087557,5.223847390732349,5.218179959100205,5.228812572759022,5.236224368499256,5.249437685459941
联想局：一家领袖企业的中国智慧.txt,5.222323063039835,5.2047524625815536,5.205460559796438,5.201967799642219,5.198836073997945,5.194027563111798,5.187442233632863,5.185292153589315,5.179751717878906,5.182736923873642,5.180912739513205,5.182773239984441,5.178521218432699,5.173565127140632,5.179945454545455,5.1778799581097,5.181995403808274,5.185883267195766,5.188376436781609,5.196858428030303,5.201036045243936,5.204074613716455,5.21320938215103,5.214136961236107,5.224063092979127,5.2217284412404785,5.22069898989899,5.223280542986425,5.222720058682316,5.231878964059197,5.228899907444136,5.215008667822375,5.213217472366494,5.204864413572,5.202773137098913,5.192615783870109,5.191144408688657,5.185687358465432,5.166483215193259,5.154241998125084,5.157147129186603,5.161466780015694,5.154417098445594,5.151794871794871,5.147017172882225,5.140571337983513,5.134007213363706,5.125267845862287,5.138439939561823,5.1345328587771695,5.130390954388655,5.122392760530723,5.116659989661411,5.127385232122074,5.143188106011635,5.143492309680754,5.158839907192576,5.159647932816537,5.175951920598092,5.182730364476385,5.1944780043606515,5.197312773910802,5.186195554123711,5.177135369774919,5.178549581455248,5.172344913948113,5.1660971153846145,5.151060167310168,5.150918792462505,5.147821855325709,5.154138895955227,5.171484166348723,5.1733618032365785,5.188524600638978,5.204349916655981,5.2122167678594495,5.225983596052801,5.22602998190747,5.221024840681493,5.219052176192973,5.214662995017047,5.216943712101239,5.210877227722773,5.199139463906581,5.189265678750992,5.189041710665258,5.1987522863862035,5.209966211825861,5.216325988334414,5.214888442080684,5.21228032659409,5.219226020275539,5.219939649578198,5.2189350463023345,5.214373191265455,5.201037022292994,5.200828586567757,5.196420047732696,5.201316522893165,5.217402938090242
联想教父柳传志.txt,5.280645613348976,5.2772870406440715,5.275009985826569,5.265015705128205,5.250287746731607,5.229703888462522,5.216197745122878,5.1991717210007575,5.18796279837481,5.186058529713114,5.187332173688957,5.180736132711249,5.17558773866736,5.171486751076882,5.1659048739056574,5.171119559517567,5.187948617118888,5.188744542928959,5.1834118893155035,5.185041462120207,5.191833377465907,5.187260560573857,5.189872702023542,5.197368923725463,5.198841906902936,5.202327747362799,5.198375216637781,5.199299879807692,5.20093548603652,5.215781250000001,5.215060658578856,5.2092925960142535,5.206367341572443,5.205168762409,5.199000263088661,5.193105414973122,5.177634143172664,5.179068608414239,5.179780255187524,5.17916031504065,5.185169008735283,5.189624174707973,5.186792524790236,5.180486190658012,5.186916148674363,5.176153062523876,5.17458900590804,5.178713472976467,5.183586139896374,5.172554199662469,5.16894822427475,5.166207868852459,5.156727284578282,5.154853227691908,5.165390482398957,5.165630908613445,5.179599346405229,5.183381683361519,5.1886924171842645,5.196818298803242,5.202202549575071,5.2053956695450445,5.2037358174316655,5.209177610193733,5.218415848068107,5.226539016393443,5.230749771808579,5.236781278598509,5.237033611255862,5.233855304212168,5.232894634525661,5.232964670736459,5.236271395228216,5.241829960036096,5.246485116756479,5.241142693628386,5.24048087845513,5.234453134855556,5.232550183057694,5.21942625015745,5.216008988479555,5.219501210345268,5.217619682539683,5.218568799187611,5.210889214686384,5.20790443990814,5.210089900535578,5.211601004248744,5.22026231194548,5.220592256580628,5.22927627398653,5.240251876351609,5.246678526048285,5.254369833396923,5.261809808156524,5.273198384429462,5.283387892376681,5.289689419140226,5.297811981625622,5.297131800229328
联想风云三十年-bY赵雪-姜美芝.txt,5.24252313306399,5.240161858765174,5.237652151101784,5.2340428890935415,5.2342921111550105,5.241251641712634,5.2425108395743,5.240661610878662,5.2388897606904665,5.244351694360852,5.241514715500326,5.235167407794925,5.231790438768828,5.2281396574440056,5.231232258920281,5.2267162988566875,5.217171070189484,5.214447417714744,5.210980182110338,5.213645444858818,5.221818544102019,5.221602564102564,5.2275920021256805,5.233441739824421,5.234123225892028,5.236167660702452,5.240236869886513,5.245116662272607,5.245432837784502,5.244970611285265,5.245220015576324,5.239607350096712,5.242759218810228,5.247798512248301,5.249950539568345,5.2579439671752795,5.259771271143004,5.249301686685408,5.2523408048904745,5.243091209769749,5.240873167622689,5.242357681975181,5.246518849840255,5.240637480798771,5.243874538745388,5.245328754928145,5.248845565749236,5.247456957020788,5.255963594704684,5.254439080167704,5.249574414186194,5.246731815306768,5.246219868053793,5.245063218390805,5.2505435759209345,5.246335183273102,5.247961334540282,5.24795201758924,5.2462121998702145,5.2454676398398155,5.242958959088556,5.242355963064117,5.234118756503642,5.228353133159269,5.224196989528795,5.225580585840011,5.227543640897755,5.227487506575487,5.224105648535565,5.220271682340648,5.218066449511401,5.214338961038962,5.2199097123694065,5.223941372247823,5.228464276633613,5.2296565414671035,5.22683546686747,5.233975287069395,5.235204145336495,5.240021186440678,5.241635618479881,5.249205109126984,5.240666211349807,5.239172983720641,5.235875498504487,5.239510380190095,5.241099714037051,5.2482496270512184,5.251762070681932,5.248289030325722,5.24379713423831,5.241135734072022,5.242257266150527,5.239957924263675,5.238092987610167,5.236607028753993,5.235541180991417,5.236836027713625,5.234563931052225,5.234230073633897
读懂华为：传奇任正非-by-肖丹生-_z-lib.org_.txt,5.2118085536967085,5.214636461559175,5.214419684933351,5.209092444924989,5.203267828200972,5.206285192203574,5.199729456213737,5.193288730500269,5.194008153990108,5.192996106337271,5.203423562600753,5.205666037481462,5.206722740170248,5.205704875730002,5.201163816503801,5.20161706753635,5.201274873061616,5.197682073789604,5.190681318681318,5.1904585778626995,5.192696796959827,5.1966893269884435,5.191953898305085,5.192215447154471,5.198442556634303,5.203680172297752,5.206156540482286,5.211568521762566,5.214673737916219,5.214649979922367,5.20926034322203,5.205472928029799,5.204791611361825,5.200763815090329,5.20144735094941,5.19850935828877,5.199418705709319,5.195875233395572,5.196934357541899,5.205557072456046,5.213151128622947,5.2130664843958385,5.216124817129937,5.221006170382166,5.223078174814028,5.227737606044539,5.22585686820472,5.226193836978132,5.2231979981439745,5.222749368267056,5.226809920106525,5.236052473262032,5.243130246502331,5.243791329172753,5.244826545502786,5.243508176183569,5.24656779661017,5.252668568804932,5.2563641709133675,5.25633853151397,5.252673498508236,5.249010443527591,5.259208860759493,5.2591158100195186,5.256799868766405,5.25010568465275,5.245390625,5.247151757607556,5.245894314293235,5.249225250131648,5.252426054949389,5.247602559029152,5.242527971567724,5.236177751385591,5.23605507631055,5.236725810738968,5.237740371845949,5.23988628850985,5.234197007811465,5.230542914171656,5.234808618843684,5.240198768571811,5.238217781949846,5.227964578022274,5.2300611295681065,5.228730075088921,5.232810937088707,5.231738404088051,5.2287716725329165,5.223425505705395,5.220223150667185,5.213064882032668,5.213209288767975,5.216220122109639,5.220261121227888,5.221146851779428,5.2197528728127445,5.224916096341143,5.216221144967682,5.219616529910005
销售女神董明珠.txt,5.214218223480254,5.211112530250068,5.207513712374582,5.192974321447579,5.186426767676768,5.18158463783497,5.185166821130676,5.188165590831248,5.177768654755649,5.17960010489052,5.181475730688936,5.178472932232271,5.186451273969005,5.1871653439153445,5.183403634434275,5.178302885888271,5.170984105960264,5.164279458598727,5.163473221422861,5.163896775905532,5.162556381002918,5.166383433533734,5.1641862337313835,5.172221922973336,5.177660290948276,5.180731953219518,5.188691456336888,5.194437179832839,5.190790532385678,5.194372910816954,5.197272666577647,5.19592540699226,5.199152089731607,5.202132440673472,5.206435676392572,5.209181143084471,5.218372016352367,5.221781389839432,5.226644987518065,5.231697482297404,5.2416404715127705,5.244496454831933,5.244974402730375,5.242702013598326,5.231837136113297,5.227299816224731,5.227417027417028,5.2280193489345015,5.230238282272846,5.226890403775564,5.231431841967557,5.235947686645636,5.242817349781139,5.247453465346534,5.250090933052188,5.245884146341463,5.242344516642355,5.240445478723403,5.240752530633991,5.24163901791639,5.240831570597567,5.24374835309618,5.251408171360571,5.263710317460319,5.26764503766354,5.270145541148452,5.2728043449463495,5.274604478600769,5.278329568106313,5.273363804981453,5.269100013176966,5.263290688472698,5.263261041529333,5.266681567183803,5.265162601626017,5.268240438585041,5.266286602746825,5.261047052740434,5.260994325509414,5.265440134037892,5.264598174103124,5.260588007237011,5.2588290202137244,5.260590862024334,5.2562871735195245,5.261336212453267,5.262517352185089,5.258272237887721,5.2605942492012785,5.26553632777707,5.270172853680316,5.278539783001809,5.279691940067166,5.278439109165808,5.274485721669466,5.276841519318926,5.277120408433895,5.276485487772104,5.278144701086956,5.27641090809177
阿里巴巴：马云和他的102年梦想-_邓肯·克拉克_-_z-lib.org_.txt,5.231147574962002,5.232310912834591,5.236761950681912,5.231059879419018,5.232373958191009,5.234744715893494,5.236235730986109,5.238243855554031,5.241945477075588,5.2459079073591885,5.247350101971447,5.247011556764106,5.242581146875845,5.238888813282525,5.238183492496589,5.232942179189964,5.234019220283534,5.237810582299195,5.236710454669208,5.242809285327558,5.238510940032415,5.2355174035747885,5.240817521194994,5.238192276641549,5.240222778981581,5.241762589928058,5.247559636757928,5.252544295302013,5.254672583030792,5.255960220400483,5.256035177228786,5.257498980562729,5.257646099483555,5.254718367346939,5.258549046321526,5.257697135061392,5.25696549850584,5.257464043419267,5.259849634245461,5.260128639133379,5.262797731568998,5.262388911536894,5.261600865332611,5.260562980963954,5.257022411232618,5.24985127384287,5.242635818908123,5.242930229455709,5.2419261424017005,5.2337425427548725,5.227382817686894,5.225315411232366,5.221198784033836,5.212627152056775,5.2103671905956945,5.210040762656147,5.210829284307288,5.209665488347736,5.203513407966676,5.205452294056308,5.20654372474912,5.202462175093754,5.2038063763608084,5.207788662486939,5.210748846407383,5.212553135313531,5.2162423679320415,5.226346410461702,5.224227501990974,5.216355784681307,5.2160874848116645,5.219460943856794,5.2237612367202395,5.226235931924237,5.231819626814099,5.232422321304166,5.229140788191061,5.21970240578501,5.209020689655173,5.2030839441294425,5.194531680440772,5.182866337989592,5.179170323642347,5.185607147785291,5.1861183032640135,5.18003657694962,5.172252233676975,5.166766789265767,5.150968508212298,5.150919843200866,5.15183531477979,5.16181677852349,5.172872183476395,5.181746915236051,5.187144103045754,5.197637281292059,5.2056277606746075,5.209023087071239,5.205347231443367,5.212527589416301
雷军传：站在风口上-_陈润.txt,5.236247592847318,5.230852389429003,5.2351790577342046,5.235760736196318,5.2353594638505285,5.2337167249260546,5.230514626945786,5.228110715246034,5.225531578238622,5.223149289099527,5.2231480602278895,5.216369304394716,5.208908583344545,5.204764519606521,5.204287484925634,5.202478287012292,5.203359218770831,5.2007517971246005,5.2094242119382965,5.205702409800754,5.197005479637397,5.194982026587087,5.198604532462229,5.2020619438740585,5.20310989010989,5.209695013051243,5.209821182943603,5.214151877837391,5.224998619547211,5.234313969571231,5.236430355160933,5.232668426170301,5.228320111343075,5.224358651559659,5.222095331283198,5.223115186883423,5.212969571230983,5.210999446290144,5.206657916551532,5.205583379196478,5.19757413509061,5.184533023383017,5.1726120831055225,5.169101599890606,5.160980821917809,5.160905237248735,5.164887770371378,5.1677629790704005,5.1724833943337405,5.178114577729962,5.186662450066578,5.192602730646871,5.202998801278637,5.200581163655685,5.200830569191986,5.200501592356687,5.202138782008756,5.213178118745831,5.223452190170939,5.224510803918937,5.228056077273946,5.2275284814368055,5.2247551978537885,5.222556818181818,5.226934673366834,5.2250436919716,5.223767668450666,5.220816031898803,5.213962536023056,5.215539336622807,5.222841800908715,5.22691883698498,5.228557851239669,5.225784704105451,5.2225961406870125,5.221819544773068,5.224647544310647,5.2272514816810345,5.225243624161073,5.221464114194237,5.216376067235859,5.2086162728962035,5.204690425247393,5.2030891420911525,5.202392527119325,5.205450304259634,5.202792878499592,5.195272900503607,5.1942779587405,5.197923579004623,5.204813052345343,5.210443839346494,5.2075854964977335,5.204355552482368,5.202095138888889,5.21087432074683,5.214027158774373,5.22789916550765,5.229403476797981,5.233996230629625
静水流深：何享健的千亿历程-黄治国.txt,5.304575123915737,5.304772431930693,5.302571583178726,5.304817672893727,5.306448891778109,5.309738660304871,5.313182705415789,5.314887307787698,5.317494259649993,5.319921952581926,5.318974673710379,5.319254774897681,5.318189628482972,5.321709275040138,5.323125231796266,5.325861727171354,5.321840178682217,5.318853622106049,5.3169539728077835,5.319323317606159,5.32002600619195,5.32284528675833,5.32367978223212,5.320632567333827,5.320460194413682,5.320737010195308,5.32242774566474,5.324449371766446,5.326232581082747,5.324211756025577,5.32383310802507,5.321093097519037,5.322262648536078,5.325775597792765,5.32814678448699,5.332274235164025,5.337926454310663,5.338510429447853,5.336595509753405,5.336292354740061,5.335770828243342,5.3368738551715715,5.337690807120214,5.337353692663341,5.33324123661149,5.329356682475982,5.327193089183599,5.325136319376827,5.3239527808202505,5.322449229263518,5.32480648728345,5.319584051193699,5.31444923076923,5.309669208066897,5.308435466044456,5.308451826428047,5.307279646452247,5.309609144542772,5.31085425898572,5.308855131530196,5.306339748334567,5.306229467704088,5.308933481976961,5.30732712600869,5.305722449993788,5.3024391455539,5.300260352095214,5.302464325598709,5.3013358967998006,5.304557966522008,5.307221946375372,5.305018587360594,5.303522840119166,5.304015874984497,5.300597495971241,5.29970091834202,5.300320782759474,5.303086741016109,5.303801560758082,5.301884309831181,5.298873029663647,5.295934666501056,5.293907803180914,5.294176397515527,5.297507433102081,5.296348321565712,5.2972276493137125,5.297470102330169,5.299541216879294,5.300546836684648,5.303641264395981,5.302829357798165,5.301559980454434,5.304073394495413,5.306839466927497,5.3032979113228285,5.301195068359375,5.298617202729045,5.296182194113355,5.294802719436688
飞得更高：孙正义传.txt,5.2752137384057,5.277526874496103,5.280187777628213,5.280786539494895,5.274834254143646,5.276524817912058,5.277861855392487,5.282108100822213,5.281205224885537,5.2825233013643125,5.283901121167094,5.287713784731589,5.2881027508090614,5.287740501212611,5.284013789374072,5.284413671980546,5.280687043548824,5.278781182212581,5.277770086862106,5.276609523809524,5.272453035665669,5.268902323053933,5.26859413202934,5.262473541383989,5.263124830393487,5.263440904139434,5.262764051045344,5.261421016949152,5.259629228687416,5.26163981042654,5.262648057593045,5.2625861834962,5.259831460674158,5.256838504267715,5.257101045769388,5.256084969994544,5.2587222600408445,5.259446416382253,5.260187867194972,5.257799712604352,5.261885072384596,5.259413390663391,5.255331128086209,5.247896362155559,5.247730196343941,5.249429314772267,5.246910032493908,5.246546891965255,5.248479812398042,5.245262030995106,5.241977815699658,5.239639827609795,5.236749656593406,5.236258066730742,5.236318843565444,5.236368178059536,5.238054789800137,5.2362266952078445,5.238445537065053,5.237760624398295,5.237113398512806,5.236003795721188,5.235669500898659,5.237077962577962,5.236704687283318,5.2360655680712,5.234411621433542,5.239504670942553,5.2382421602787455,5.23604829742877,5.238134655532359,5.240671803095802,5.243455287388393,5.243869810532181,5.238160691954982,5.2359872810675565,5.236707427536232,5.237835327674969,5.236225190839695,5.234703542272035,5.230104455857857,5.226433370272891,5.224954551762419,5.2264844729146365,5.220753946081856,5.219751676445934,5.2199926624737945,5.225191228070176,5.2249877244668905,5.220015796124684,5.219269327907956,5.2193859342197335,5.218316226783969,5.219621043090224,5.220324996516651,5.221344149527515,5.2233724878724885,5.2205919229703515,5.21884256700746,5.2195567302376995
马云传.txt,5.22989702970297,5.230105666358472,5.231831617841119,5.2357525678166965,5.235224845048133,5.241515670266001,5.244352832186342,5.240969873150106,5.235996695307337,5.23125942584998,5.229417488494412,5.230203321129707,5.232616366366367,5.235672901162032,5.238203562589553,5.2336257819627265,5.22891545548923,5.227107526186474,5.225895045800541,5.226541860165118,5.228239868353123,5.23255795235029,5.235451594240164,5.23348400154202,5.236645589934523,5.234837666495902,5.231336490143022,5.232270710059172,5.236950457415282,5.239836219149761,5.240645570443606,5.242848534201954,5.240899934383203,5.245463744232037,5.250498777425324,5.249336118082156,5.251650798118956,5.2574990085922,5.255430603107716,5.25149056852658,5.241867438190426,5.229429319371727,5.230398583977973,5.23123477805421,5.234767320261438,5.237633567891581,5.2385363636363635,5.241705456426171,5.239855147439213,5.23786895838718,5.230933075933076,5.231628425748885,5.229119933724191,5.229778980891719,5.226202974072191,5.2180574217264555,5.217429859083407,5.216119222955815,5.212925633515854,5.2091105310072585,5.225060609927269,5.233390937019969,5.243518756423432,5.243506042684495,5.2446303451828955,5.244720496894409,5.238747403946002,5.2377206645898235,5.236814044213264,5.235975087582718,5.233671261110396,5.237931967529957,5.237575347758888,5.2399387096774195,5.24553326496603,5.245163629363449,5.244673106448312,5.243106951188347,5.246216043871955,5.249308571428571,5.2518016813144826,5.249496247296782,5.242450406917599,5.237964820929642,5.236556346080548,5.225851669195752,5.22498798988622,5.225113909631692,5.228900799188126,5.2275073034421435,5.222562587368154,5.2258234695176276,5.224139135959339,5.223047649301143,5.217782802547771,5.2164293937068305,5.219266589802716,5.218973391326595,5.225771351628623,5.226500712158487
马云全传_张永生.txt,5.212887185534591,5.229652669777087,5.2244422977846465,5.234422361841261,5.242689403634502,5.242730637631107,5.248630475855001,5.2475301812475985,5.2540038537802225,5.255675330721808,5.248469683852764,5.233029167201746,5.227048875209488,5.2216745845143,5.224656492875648,5.224290679711637,5.219699626144128,5.214780475206611,5.208519360706861,5.202402808477442,5.20327199164709,5.2123291073062346,5.231656441717791,5.234237869198313,5.222086831059811,5.223917731629393,5.225419285809818,5.2416244331821815,5.2404480310742025,5.246084048544992,5.247027258671686,5.247514267490264,5.232474156329198,5.230427143239266,5.245196899381221,5.2459143518518525,5.2490872616169755,5.242960366265711,5.2399472510649625,5.233367782370983,5.232335771276595,5.2350794392523365,5.242932783337841,5.246819845465636,5.242537660914818,5.24902285479677,5.261013102796164,5.262282463186078,5.262244067796609,5.273077544426494,5.280127639668537,5.276341251835045,5.275510978043911,5.27468926925609,5.269300274402195,5.259550013024224,5.253710249671485,5.250210332588405,5.251192648592283,5.2539758838217905,5.256182231895529,5.259533093053736,5.266685652909777,5.268279208050183,5.2795154256703976,5.277031878976756,5.278041996624691,5.2722896681358575,5.268326521344232,5.251410874951101,5.2418949711891045,5.244924932975871,5.239080198152363,5.230201404531602,5.2348420429116755,5.242594953173778,5.245756545174538,5.250188519887812,5.248108496525584,5.2617017603881555,5.2554749328285295,5.256531061591204,5.258594960103261,5.268257580191992,5.265618328445748,5.262469623150974,5.25711356698368,5.252223563353744,5.254543223746452,5.2541775927238366,5.265840779127949,5.266819789044707,5.273184778675672,5.270316265060241,5.268995800839832,5.268935530430599,5.271421880629277,5.270274909963986,5.2729028209419075,5.271121768140117
马化腾传.txt,5.2416846565279025,5.236572959577754,5.236256443298969,5.231215726849456,5.232387885090342,5.229737525987526,5.2301605355518,5.227422593600207,5.224184944841013,5.222708793349785,5.2258853626943,5.223260165760165,5.226384968928016,5.22732589169487,5.230359103385178,5.234140317501968,5.231350237404378,5.226880548562343,5.225981560378113,5.226806927389214,5.2256265890539275,5.223548656596711,5.219816510695187,5.218938774141631,5.214812843176644,5.209046336923282,5.209428789285241,5.20780989272944,5.198113063660477,5.189946461824953,5.186795136575616,5.187249565914251,5.185673851732473,5.183623496824753,5.173745091401489,5.166857547551599,5.161982375891296,5.157791324262428,5.158870793350453,5.1646857645943385,5.171247127213735,5.171463628988643,5.169605137963845,5.177877128953771,5.185164976335361,5.190543081293114,5.193455366774542,5.192029387865656,5.199638381912286,5.202994550408719,5.204437329700271,5.209952406853413,5.21523227383863,5.213711885079278,5.212391304347826,5.212132720637923,5.218218863851033,5.223576239224138,5.22645052574818,5.2274639147443684,5.231339745326471,5.231496222342149,5.231313104189044,5.231157046979866,5.232808550685668,5.231158577801812,5.229574091713158,5.228850715746422,5.227324213406292,5.233236463331049,5.235070693205216,5.235454107609742,5.241576811992848,5.242008417276114,5.249182472656791,5.25391978312248,5.255221245114461,5.256979543556916,5.2551840234211635,5.256275453277546,5.25703634085213,5.254885886306357,5.248822754988915,5.243010225231449,5.242717767622212,5.239629758266186,5.237419466334855,5.239238456237079,5.238338822560725,5.236201640464799,5.237978317196236,5.2342895023116665,5.229399728076139,5.228304601601737,5.222661899622235,5.219153111977416,5.222695558835368,5.223338692390139,5.226152815013403,5.226200908362276
马化腾的腾讯帝国.txt,5.241143028024607,5.23613434467678,5.232125646610399,5.225581347576006,5.229716812945694,5.225264850807555,5.2271759322496925,5.229404023701253,5.229337424158852,5.230666529379461,5.225919173714128,5.216583483317181,5.207617317275748,5.197796052631579,5.197760827452608,5.201142154826201,5.201143338838426,5.197593754308562,5.2001328436084036,5.1999389570975305,5.201337984173262,5.2058681660899655,5.209582300275483,5.209270294816264,5.20841237041188,5.215267770541775,5.218475954251067,5.228204488778055,5.238513680736972,5.239072652501714,5.241493931542343,5.24050393914697,5.241869676896039,5.241963900862069,5.241008156170611,5.247831083789924,5.243700944525742,5.243644686214674,5.240065223062874,5.235990651778758,5.23196389141447,5.234949481865285,5.231822164948454,5.230368129746427,5.232814991000258,5.223473992197659,5.2243190763579115,5.228967999999999,5.229137585238669,5.232569630423138,5.235535714285714,5.238697993806382,5.232959349593496,5.231578516902944,5.236089936934466,5.241816433086013,5.245271328479187,5.2497539518900345,5.252605565554479,5.253022837370243,5.256462828088498,5.254195402298851,5.24017987557479,5.228513166779203,5.214199837530463,5.205585720103163,5.197807435653003,5.201215702254823,5.205061997547349,5.206844890758584,5.199063513513514,5.194575172227475,5.193293421229652,5.195610932475884,5.192276684076603,5.193571619812583,5.201569627045881,5.213047567858102,5.228148795910131,5.2428169014084505,5.251740586895351,5.258083712222519,5.254658607863973,5.2588698358050845,5.256569490403706,5.2589014899560995,5.26409423205902,5.264657612340711,5.262705507051712,5.2687141988651724,5.275171422775222,5.279268448693778,5.279006007830431,5.278856998654105,5.27060060362173,5.266693655870985,5.267509285051067,5.269229061754571,5.268783150811452,5.272353096876654
马化腾：先人一步.txt,5.205476599682707,5.203613495312293,5.202410690658905,5.196881606765328,5.194650046046573,5.195333200847907,5.196989218687608,5.200928866942479,5.205356375838926,5.208159866220736,5.206679318151552,5.194921196741018,5.190052821610056,5.188977650658507,5.193575987235739,5.192828323313293,5.183186018481318,5.176735349210596,5.169004971781779,5.168985068603713,5.162180107526881,5.160069108964036,5.154453673689897,5.153636425278004,5.153490642251246,5.1584973082099586,5.1655925477535645,5.172060048361097,5.172004411174976,5.172157684630738,5.186304606830818,5.200975128306356,5.212757540148844,5.220239645741078,5.224987673543532,5.232066147859921,5.230261442169774,5.244422828335057,5.242054064466418,5.241718770019218,5.242255403504284,5.241146818297981,5.240407681510781,5.24491217948718,5.249673366834171,5.245634684917356,5.237751962929592,5.233883576689495,5.234033259997411,5.231964400462665,5.233224089276551,5.232504158669227,5.228766859344893,5.22877519379845,5.227722516470741,5.2311065203357,5.2326354071957395,5.233578399479506,5.234954896064845,5.234859432475039,5.228167656765676,5.228013271400133,5.224264921885433,5.22145497311828,5.2176245236799135,5.223673034634414,5.222553059536935,5.216644447498624,5.214892554065153,5.2143541752365286,5.2076652378318595,5.205399336741744,5.202078791223954,5.200351616468638,5.204200577398955,5.200296831955923,5.203748106321443,5.219273463227223,5.221689735507742,5.227711449551264,5.232524652168039,5.227487213997308,5.234474953120814,5.239040968342644,5.236871181938911,5.237049934296977,5.23718055918474,5.2403261153143745,5.248629084754589,5.25633786407767,5.265157867494824,5.2715796243889885,5.274644815712282,5.272394024514811,5.269005721551175,5.268223801065719,5.267314018218623,5.271462180622313,5.2738727295821155,5.27277989821883
